account_id,customer_id,account_type,open_date,join_date,region,age,annual_income,segment,tenure_days
A000001,C00001,Current,2025-01-31,2025-01-31,North,46,34879.27,Premier,252
A000002,C00001,Savings,2025-01-31,2025-01-31,North,46,34879.27,Premier,252
A000003,C00001,CreditCard,2025-01-31,2025-01-31,North,46,34879.27,Premier,252
A000004,C00002,Savings,2024-05-10,2024-05-10,North,31,29433.18,SME,518
A000005,C00003,Current,2025-02-04,2025-02-04,South,32,48751.53,Retail,248
A000006,C00004,CreditCard,2024-12-31,2024-12-31,East,28,30617.11,Retail,283
A000007,C00005,Current,2024-11-10,2024-11-10,South,40,42239.9,Premier,334
A000008,C00006,Current,2022-05-02,2022-05-02,North,18,29112.27,Retail,1257
A000009,C00007,Savings,2023-04-12,2023-04-12,West,33,19460.11,Retail,912
A000010,C00007,Current,2023-04-12,2023-04-12,West,33,19460.11,Retail,912
A000011,C00008,Savings,2022-11-27,2022-11-27,West,35,66138.2,Retail,1048
A000012,C00009,Savings,2022-03-29,2022-03-29,West,24,53800.38,Retail,1291
A000013,C00010,Savings,2025-01-28,2025-01-28,West,45,131612.77,Retail,255
A000014,C00010,Current,2025-01-28,2025-01-28,West,45,131612.77,Retail,255
A000015,C00011,CreditCard,2024-05-21,2024-05-21,East,27,24867.25,Retail,507
A000016,C00012,Savings,2022-05-11,2022-05-11,West,40,37751.86,Retail,1248
A000017,C00013,Savings,2024-02-09,2024-02-09,North,63,39301.88,Retail,609
A000018,C00014,Current,2022-12-10,2022-12-10,South,23,68731.95,Retail,1035
A000019,C00015,Savings,2024-03-16,2024-03-16,North,36,32523.87,Premier,573
A000020,C00016,Current,2023-01-21,2023-01-21,North,34,23335.93,Retail,993
A000021,C00016,CreditCard,2023-01-21,2023-01-21,North,34,23335.93,Retail,993
A000022,C00017,Current,2024-08-13,2024-08-13,North,32,76664.29,Retail,423
A000023,C00018,Current,2022-10-04,2022-10-04,East,44,35773.45,Premier,1102
A000024,C00019,Current,2025-03-30,2025-03-30,West,47,65029.04,Retail,194
A000025,C00020,Current,2023-04-05,2023-04-05,East,44,61351.06,Retail,919
A000026,C00021,Current,2022-01-22,2022-01-22,North,31,41288.08,Retail,1357
A000027,C00022,Savings,2022-09-10,2022-09-10,West,59,38412.37,Retail,1126
A000028,C00023,Current,2024-01-18,2024-01-18,East,22,34458.66,Retail,631
A000029,C00024,Current,2024-05-06,2024-05-06,South,28,41593.41,Premier,522
A000030,C00025,Current,2023-04-20,2023-04-20,East,39,64525.87,Retail,904
A000031,C00026,Current,2024-12-18,2024-12-18,North,38,28143.32,Retail,296
A000032,C00026,CreditCard,2024-12-18,2024-12-18,North,38,28143.32,Retail,296
A000033,C00027,Current,2023-05-26,2023-05-26,South,42,44254.14,Retail,868
A000034,C00028,Current,2023-12-01,2023-12-01,West,52,23955.94,Retail,679
A000035,C00029,Savings,2024-09-02,2024-09-02,South,36,25495.05,Retail,403
A000036,C00030,CreditCard,2022-07-09,2022-07-09,South,39,41266.27,Retail,1189
A000037,C00031,Current,2024-08-15,2024-08-15,West,32,15727.61,Retail,421
A000038,C00031,Savings,2024-08-15,2024-08-15,West,32,15727.61,Retail,421
A000039,C00032,Current,2023-11-18,2023-11-18,East,43,117425.84,Retail,692
A000040,C00033,Current,2024-08-15,2024-08-15,North,35,23080.45,Retail,421
A000041,C00034,CreditCard,2023-07-17,2023-07-17,North,35,41077.78,Retail,816
A000042,C00035,CreditCard,2024-04-11,2024-04-11,North,42,75161.01,Premier,547
A000043,C00035,Current,2024-04-11,2024-04-11,North,42,75161.01,Premier,547
A000044,C00036,Current,2025-02-28,2025-02-28,East,47,27222.65,Retail,224
A000045,C00037,Current,2023-10-09,2023-10-09,South,18,13252.25,Retail,732
A000046,C00038,Savings,2022-01-21,2022-01-21,North,41,33550.46,Retail,1358
A000047,C00038,Current,2022-01-21,2022-01-21,North,41,33550.46,Retail,1358
A000048,C00039,Current,2024-04-20,2024-04-20,West,35,27062.2,Premier,538
A000049,C00040,Current,2022-06-16,2022-06-16,East,46,13428.29,Retail,1212
A000050,C00041,Current,2023-01-23,2023-01-23,North,35,48326.25,Retail,991
A000051,C00042,Current,2023-08-24,2023-08-24,East,49,46481.81,Premier,778
A000052,C00042,Savings,2023-08-24,2023-08-24,East,49,46481.81,Premier,778
A000053,C00042,CreditCard,2023-08-24,2023-08-24,East,49,46481.81,Premier,778
A000054,C00043,Current,2022-11-12,2022-11-12,East,31,74193.61,Premier,1063
A000055,C00044,Savings,2022-01-14,2022-01-14,North,18,23929.45,Retail,1365
A000056,C00045,Current,2022-08-30,2022-08-30,South,47,18840.1,Retail,1137
A000057,C00045,CreditCard,2022-08-30,2022-08-30,South,47,18840.1,Retail,1137
A000058,C00046,Current,2024-02-16,2024-02-16,West,30,34198.51,Premier,602
A000059,C00047,Savings,2023-07-19,2023-07-19,South,23,40099.48,SME,814
A000060,C00048,Current,2024-06-16,2024-06-16,East,38,66432.62,Premier,481
A000061,C00048,CreditCard,2024-06-16,2024-06-16,East,38,66432.62,Premier,481
A000062,C00048,Savings,2024-06-16,2024-06-16,East,38,66432.62,Premier,481
A000063,C00049,Current,2022-04-02,2022-04-02,South,35,84842.77,Retail,1287
A000064,C00050,CreditCard,2024-08-13,2024-08-13,North,45,76919.77,Retail,423
A000065,C00051,Savings,2023-05-24,2023-05-24,North,46,48125.29,Retail,870
A000066,C00052,Savings,2024-02-15,2024-02-15,South,38,62506.95,Premier,603
A000067,C00053,Current,2022-02-04,2022-02-04,North,30,30425.5,Retail,1344
A000068,C00054,Savings,2022-07-25,2022-07-25,North,40,45590.74,Retail,1173
A000069,C00054,CreditCard,2022-07-25,2022-07-25,North,40,45590.74,Retail,1173
A000070,C00055,Savings,2025-01-09,2025-01-09,West,39,23100.7,Premier,274
A000071,C00056,Current,2024-10-22,2024-10-22,West,43,43244.69,Retail,353
A000072,C00057,Current,2024-10-18,2024-10-18,West,30,43808.61,Premier,357
A000073,C00058,CreditCard,2023-07-20,2023-07-20,West,34,99144.99,Retail,813
A000074,C00059,Savings,2025-02-03,2025-02-03,North,42,37376.43,Retail,249
A000075,C00060,Current,2023-12-04,2023-12-04,West,49,43839.77,Retail,676
A000076,C00061,CreditCard,2023-02-06,2023-02-06,North,46,47181.26,Premier,977
A000077,C00062,CreditCard,2023-12-31,2023-12-31,West,38,33385.33,Retail,649
A000078,C00062,Current,2023-12-31,2023-12-31,West,38,33385.33,Retail,649
A000079,C00063,Savings,2022-06-11,2022-06-11,West,33,28057.64,Retail,1217
A000080,C00064,Current,2022-07-21,2022-07-21,East,41,80233.23,SME,1177
A000081,C00065,Current,2024-09-22,2024-09-22,West,28,25663.29,Retail,383
A000082,C00066,Current,2022-09-27,2022-09-27,East,30,21575.61,Retail,1109
A000083,C00067,Current,2024-03-26,2024-03-26,North,51,58889.73,Retail,563
A000084,C00068,Current,2023-04-01,2023-04-01,South,41,74771.56,Retail,923
A000085,C00069,Current,2024-10-13,2024-10-13,East,34,33441.42,Retail,362
A000086,C00069,CreditCard,2024-10-13,2024-10-13,East,34,33441.42,Retail,362
A000087,C00070,Current,2022-10-23,2022-10-23,North,45,33700.01,Retail,1083
A000088,C00071,Current,2023-12-21,2023-12-21,East,49,48268.61,Retail,659
A000089,C00071,Savings,2023-12-21,2023-12-21,East,49,48268.61,Retail,659
A000090,C00072,Savings,2022-12-04,2022-12-04,West,33,29417.6,Retail,1041
A000091,C00072,Current,2022-12-04,2022-12-04,West,33,29417.6,Retail,1041
A000092,C00073,Current,2024-05-28,2024-05-28,North,34,28350.51,Retail,500
A000093,C00074,Current,2024-12-12,2024-12-12,West,33,65060.2,Retail,302
A000094,C00075,Current,2024-03-02,2024-03-02,West,46,56774.23,Retail,587
A000095,C00076,Current,2022-08-05,2022-08-05,West,46,80728.61,Retail,1162
A000096,C00077,Savings,2024-02-03,2024-02-03,West,50,22404.36,Retail,615
A000097,C00078,Current,2022-07-07,2022-07-07,East,47,32598.64,Retail,1191
A000098,C00079,Current,2023-01-15,2023-01-15,West,23,48235.9,Retail,999
A000099,C00079,CreditCard,2023-01-15,2023-01-15,West,23,48235.9,Retail,999
A000100,C00079,Savings,2023-01-15,2023-01-15,West,23,48235.9,Retail,999
A000101,C00080,Current,2023-05-08,2023-05-08,East,40,26383.0,Premier,886
A000102,C00081,Current,2024-11-30,2024-11-30,North,28,57763.44,Retail,314
A000103,C00081,CreditCard,2024-11-30,2024-11-30,North,28,57763.44,Retail,314
A000104,C00082,CreditCard,2025-03-26,2025-03-26,South,33,77310.78,SME,198
A000105,C00083,Savings,2022-01-15,2022-01-15,East,39,31307.22,SME,1364
A000106,C00084,Savings,2022-03-06,2022-03-06,North,45,42725.94,Retail,1314
A000107,C00085,Current,2023-06-05,2023-06-05,East,29,86776.01,Retail,858
A000108,C00085,Savings,2023-06-05,2023-06-05,East,29,86776.01,Retail,858
A000109,C00085,CreditCard,2023-06-05,2023-06-05,East,29,86776.01,Retail,858
A000110,C00086,Current,2025-02-26,2025-02-26,East,18,103044.17,Retail,226
A000111,C00087,Savings,2023-10-10,2023-10-10,North,39,60851.01,Premier,731
A000112,C00088,Current,2024-12-22,2024-12-22,East,61,56386.34,Retail,292
A000113,C00089,Current,2025-03-08,2025-03-08,West,36,27348.84,Retail,216
A000114,C00090,Current,2023-08-16,2023-08-16,South,38,50155.11,Retail,786
A000115,C00091,Savings,2023-01-27,2023-01-27,North,54,55364.42,Premier,987
A000116,C00092,Savings,2023-02-23,2023-02-23,North,43,37725.38,Premier,960
A000117,C00093,Savings,2022-10-16,2022-10-16,South,39,31128.07,Retail,1090
A000118,C00093,CreditCard,2022-10-16,2022-10-16,South,39,31128.07,Retail,1090
A000119,C00094,Current,2023-01-14,2023-01-14,West,41,22085.01,Retail,1000
A000120,C00095,Current,2022-08-19,2022-08-19,North,40,17578.28,Retail,1148
A000121,C00095,CreditCard,2022-08-19,2022-08-19,North,40,17578.28,Retail,1148
A000122,C00096,CreditCard,2024-10-14,2024-10-14,East,27,15824.19,Retail,361
A000123,C00096,Savings,2024-10-14,2024-10-14,East,27,15824.19,Retail,361
A000124,C00097,CreditCard,2022-02-10,2022-02-10,North,25,55993.77,Premier,1338
A000125,C00098,Current,2024-11-17,2024-11-17,South,54,45121.84,Retail,327
A000126,C00099,Current,2022-05-15,2022-05-15,West,39,32905.53,Retail,1244
A000127,C00099,Savings,2022-05-15,2022-05-15,West,39,32905.53,Retail,1244
A000128,C00100,Current,2022-07-20,2022-07-20,East,38,35508.62,Retail,1178
A000129,C00100,Savings,2022-07-20,2022-07-20,East,38,35508.62,Retail,1178
A000130,C00101,Savings,2024-02-19,2024-02-19,North,37,46561.26,Premier,599
A000131,C00102,Current,2024-07-18,2024-07-18,South,45,38599.31,Premier,449
A000132,C00102,Savings,2024-07-18,2024-07-18,South,45,38599.31,Premier,449
A000133,C00103,Savings,2024-11-22,2024-11-22,North,60,21440.08,Retail,322
A000134,C00103,CreditCard,2024-11-22,2024-11-22,North,60,21440.08,Retail,322
A000135,C00103,Current,2024-11-22,2024-11-22,North,60,21440.08,Retail,322
A000136,C00104,Savings,2024-12-07,2024-12-07,South,42,66156.89,Premier,307
A000137,C00104,CreditCard,2024-12-07,2024-12-07,South,42,66156.89,Premier,307
A000138,C00105,Current,2023-05-18,2023-05-18,East,32,48793.59,Retail,876
A000139,C00106,Savings,2023-02-11,2023-02-11,North,36,47869.81,Retail,972
A000140,C00106,Current,2023-02-11,2023-02-11,North,36,47869.81,Retail,972
A000141,C00107,Current,2024-03-15,2024-03-15,South,47,63708.02,Retail,574
A000142,C00108,Current,2022-04-09,2022-04-09,South,32,27901.86,Retail,1280
A000143,C00109,Savings,2023-11-15,2023-11-15,West,45,76891.73,Retail,695
A000144,C00109,Current,2023-11-15,2023-11-15,West,45,76891.73,Retail,695
A000145,C00110,Current,2023-12-27,2023-12-27,West,18,39076.0,SME,653
A000146,C00111,Savings,2024-08-18,2024-08-18,North,35,65354.62,Retail,418
A000147,C00112,Current,2023-09-05,2023-09-05,East,43,60506.73,Retail,766
A000148,C00112,Savings,2023-09-05,2023-09-05,East,43,60506.73,Retail,766
A000149,C00112,CreditCard,2023-09-05,2023-09-05,East,43,60506.73,Retail,766
A000150,C00113,Current,2023-10-05,2023-10-05,South,49,24931.12,Retail,736
A000151,C00113,CreditCard,2023-10-05,2023-10-05,South,49,24931.12,Retail,736
A000152,C00114,Current,2024-10-25,2024-10-25,South,30,53892.29,Retail,350
A000153,C00115,Current,2023-05-18,2023-05-18,East,24,49335.71,SME,876
A000154,C00116,Current,2024-02-06,2024-02-06,West,35,42549.91,Retail,612
A000155,C00117,Savings,2023-02-02,2023-02-02,West,27,39977.97,Retail,981
A000156,C00118,Current,2024-05-20,2024-05-20,East,36,40147.77,Premier,508
A000157,C00118,CreditCard,2024-05-20,2024-05-20,East,36,40147.77,Premier,508
A000158,C00119,Savings,2024-03-05,2024-03-05,South,37,62919.77,Retail,584
A000159,C00119,Current,2024-03-05,2024-03-05,South,37,62919.77,Retail,584
A000160,C00120,CreditCard,2023-01-28,2023-01-28,West,26,55951.71,Retail,986
A000161,C00120,Savings,2023-01-28,2023-01-28,West,26,55951.71,Retail,986
A000162,C00121,Current,2022-07-26,2022-07-26,North,45,42553.02,Retail,1172
A000163,C00122,Current,2024-11-04,2024-11-04,East,36,19877.6,Retail,340
A000164,C00122,Savings,2024-11-04,2024-11-04,East,36,19877.6,Retail,340
A000165,C00123,CreditCard,2024-06-10,2024-06-10,South,47,53664.85,SME,487
A000166,C00123,Current,2024-06-10,2024-06-10,South,47,53664.85,SME,487
A000167,C00124,Current,2024-05-13,2024-05-13,East,21,60179.59,Premier,515
A000168,C00124,Savings,2024-05-13,2024-05-13,East,21,60179.59,Premier,515
A000169,C00124,CreditCard,2024-05-13,2024-05-13,East,21,60179.59,Premier,515
A000170,C00125,Current,2024-01-13,2024-01-13,North,28,132387.0,Retail,636
A000171,C00125,CreditCard,2024-01-13,2024-01-13,North,28,132387.0,Retail,636
A000172,C00125,Savings,2024-01-13,2024-01-13,North,28,132387.0,Retail,636
A000173,C00126,Savings,2023-07-18,2023-07-18,North,42,71754.09,Premier,815
A000174,C00126,Current,2023-07-18,2023-07-18,North,42,71754.09,Premier,815
A000175,C00127,Current,2024-10-17,2024-10-17,West,30,16215.2,Retail,358
A000176,C00127,CreditCard,2024-10-17,2024-10-17,West,30,16215.2,Retail,358
A000177,C00128,Savings,2022-04-06,2022-04-06,North,36,43585.85,Retail,1283
A000178,C00129,Current,2023-04-30,2023-04-30,East,38,103670.41,Retail,894
A000179,C00130,Current,2022-08-19,2022-08-19,North,39,57243.13,Retail,1148
A000180,C00130,CreditCard,2022-08-19,2022-08-19,North,39,57243.13,Retail,1148
A000181,C00131,Savings,2024-01-19,2024-01-19,North,31,49394.9,Retail,630
A000182,C00132,Savings,2023-06-25,2023-06-25,North,39,65734.73,Retail,838
A000183,C00133,Savings,2024-11-25,2024-11-25,North,30,30702.79,SME,319
A000184,C00133,Current,2024-11-25,2024-11-25,North,30,30702.79,SME,319
A000185,C00134,Savings,2023-06-09,2023-06-09,West,44,53227.11,Retail,854
A000186,C00134,Current,2023-06-09,2023-06-09,West,44,53227.11,Retail,854
A000187,C00135,Savings,2025-03-29,2025-03-29,South,36,36976.08,Retail,195
A000188,C00135,Current,2025-03-29,2025-03-29,South,36,36976.08,Retail,195
A000189,C00136,CreditCard,2025-01-14,2025-01-14,West,39,41501.5,Retail,269
A000190,C00137,CreditCard,2023-08-01,2023-08-01,East,61,63418.27,Retail,801
A000191,C00138,Savings,2023-11-13,2023-11-13,South,28,26368.98,Retail,697
A000192,C00138,Current,2023-11-13,2023-11-13,South,28,26368.98,Retail,697
A000193,C00139,CreditCard,2023-07-11,2023-07-11,East,50,79798.6,Retail,822
A000194,C00140,Savings,2024-10-09,2024-10-09,East,18,33924.34,Premier,366
A000195,C00141,Current,2023-10-08,2023-10-08,East,19,47743.63,Retail,733
A000196,C00142,Current,2024-03-06,2024-03-06,South,26,20806.05,Retail,583
A000197,C00143,Current,2024-11-17,2024-11-17,South,27,60065.87,Retail,327
A000198,C00143,Savings,2024-11-17,2024-11-17,South,27,60065.87,Retail,327
A000199,C00143,CreditCard,2024-11-17,2024-11-17,South,27,60065.87,Retail,327
A000200,C00144,Current,2022-07-09,2022-07-09,West,39,86381.88,Retail,1189
A000201,C00145,CreditCard,2023-09-25,2023-09-25,West,40,32400.8,Retail,746
A000202,C00146,Current,2023-09-20,2023-09-20,West,35,24057.19,Premier,751
A000203,C00147,Current,2024-08-30,2024-08-30,South,36,48159.56,Retail,406
A000204,C00147,Savings,2024-08-30,2024-08-30,South,36,48159.56,Retail,406
A000205,C00148,Current,2023-12-11,2023-12-11,West,42,86741.74,Retail,669
A000206,C00148,Savings,2023-12-11,2023-12-11,West,42,86741.74,Retail,669
A000207,C00149,Current,2023-10-11,2023-10-11,South,45,20299.77,Retail,730
A000208,C00149,Savings,2023-10-11,2023-10-11,South,45,20299.77,Retail,730
A000209,C00150,Current,2022-11-14,2022-11-14,South,26,24103.93,Retail,1061
A000210,C00150,Savings,2022-11-14,2022-11-14,South,26,24103.93,Retail,1061
A000211,C00151,Current,2023-11-15,2023-11-15,North,34,33396.24,Retail,695
A000212,C00151,CreditCard,2023-11-15,2023-11-15,North,34,33396.24,Retail,695
A000213,C00151,Savings,2023-11-15,2023-11-15,North,34,33396.24,Retail,695
A000214,C00152,Current,2023-10-26,2023-10-26,East,37,27808.39,Premier,715
A000215,C00153,Current,2025-02-10,2025-02-10,North,42,27852.01,Retail,242
A000216,C00154,Savings,2023-03-18,2023-03-18,South,31,14708.8,Premier,937
A000217,C00154,Current,2023-03-18,2023-03-18,South,31,14708.8,Premier,937
A000218,C00154,CreditCard,2023-03-18,2023-03-18,South,31,14708.8,Premier,937
A000219,C00155,Savings,2023-07-18,2023-07-18,West,37,56263.27,Retail,815
A000220,C00156,Current,2025-02-10,2025-02-10,North,38,49644.15,Premier,242
A000221,C00156,Savings,2025-02-10,2025-02-10,North,38,49644.15,Premier,242
A000222,C00156,CreditCard,2025-02-10,2025-02-10,North,38,49644.15,Premier,242
A000223,C00157,Current,2024-08-09,2024-08-09,North,31,17922.55,Retail,427
A000224,C00157,CreditCard,2024-08-09,2024-08-09,North,31,17922.55,Retail,427
A000225,C00158,Current,2025-01-09,2025-01-09,North,31,86844.55,Retail,274
A000226,C00159,Current,2023-11-30,2023-11-30,West,38,97132.3,Retail,680
A000227,C00160,Savings,2022-04-23,2022-04-23,East,36,28791.37,SME,1266
A000228,C00161,Current,2022-01-02,2022-01-02,South,42,75098.7,Retail,1377
A000229,C00162,Current,2023-10-04,2023-10-04,West,28,31469.23,Retail,737
A000230,C00162,CreditCard,2023-10-04,2023-10-04,West,28,31469.23,Retail,737
A000231,C00163,Current,2022-08-08,2022-08-08,West,34,45882.05,Retail,1159
A000232,C00163,Savings,2022-08-08,2022-08-08,West,34,45882.05,Retail,1159
A000233,C00164,CreditCard,2024-05-04,2024-05-04,South,35,27594.97,Premier,524
A000234,C00165,CreditCard,2023-01-20,2023-01-20,East,45,126805.39,Retail,994
A000235,C00166,Current,2025-02-27,2025-02-27,West,29,36144.21,Premier,225
A000236,C00166,CreditCard,2025-02-27,2025-02-27,West,29,36144.21,Premier,225
A000237,C00167,Current,2024-12-12,2024-12-12,East,40,44645.15,Retail,302
A000238,C00167,Savings,2024-12-12,2024-12-12,East,40,44645.15,Retail,302
A000239,C00168,Current,2023-12-31,2023-12-31,North,40,29712.03,Retail,649
A000240,C00169,Current,2022-09-04,2022-09-04,West,52,106290.64,Retail,1132
A000241,C00170,Current,2024-04-15,2024-04-15,East,28,107644.38,SME,543
A000242,C00170,Savings,2024-04-15,2024-04-15,East,28,107644.38,SME,543
A000243,C00171,Current,2022-07-22,2022-07-22,South,32,94725.49,Retail,1176
A000244,C00172,Current,2022-05-03,2022-05-03,South,29,67608.77,SME,1256
A000245,C00173,Current,2023-02-05,2023-02-05,North,22,30665.41,Retail,978
A000246,C00174,Current,2024-02-06,2024-02-06,North,53,63399.58,Retail,612
A000247,C00175,Current,2022-10-21,2022-10-21,East,26,41763.21,Retail,1085
A000248,C00176,CreditCard,2022-10-07,2022-10-07,North,30,80780.02,Retail,1099
A000249,C00176,Current,2022-10-07,2022-10-07,North,30,80780.02,Retail,1099
A000250,C00177,Current,2024-06-02,2024-06-02,South,49,73219.98,Premier,495
A000251,C00178,Current,2022-07-17,2022-07-17,East,22,30291.53,SME,1181
A000252,C00178,Savings,2022-07-17,2022-07-17,East,22,30291.53,SME,1181
A000253,C00178,CreditCard,2022-07-17,2022-07-17,East,22,30291.53,SME,1181
A000254,C00179,Savings,2024-09-08,2024-09-08,North,44,67319.02,Premier,397
A000255,C00180,Current,2024-01-22,2024-01-22,West,25,58941.14,Premier,627
A000256,C00181,Current,2022-05-24,2022-05-24,North,49,10473.13,Retail,1235
A000257,C00181,Savings,2022-05-24,2022-05-24,North,49,10473.13,Retail,1235
A000258,C00181,CreditCard,2022-05-24,2022-05-24,North,49,10473.13,Retail,1235
A000259,C00182,Current,2023-09-01,2023-09-01,South,18,62552.13,Retail,770
A000260,C00182,CreditCard,2023-09-01,2023-09-01,South,18,62552.13,Retail,770
A000261,C00182,Savings,2023-09-01,2023-09-01,South,18,62552.13,Retail,770
A000262,C00183,Current,2025-02-21,2025-02-21,South,22,33771.67,SME,231
A000263,C00184,CreditCard,2022-07-06,2022-07-06,North,33,26909.54,Retail,1192
A000264,C00184,Savings,2022-07-06,2022-07-06,North,33,26909.54,Retail,1192
A000265,C00185,Current,2023-04-09,2023-04-09,North,46,27492.16,Premier,915
A000266,C00185,Savings,2023-04-09,2023-04-09,North,46,27492.16,Premier,915
A000267,C00186,Current,2023-10-22,2023-10-22,East,37,39169.47,Premier,719
A000268,C00187,Current,2024-02-03,2024-02-03,West,34,53280.07,Retail,615
A000269,C00188,Current,2024-08-12,2024-08-12,North,50,21173.7,SME,424
A000270,C00188,Savings,2024-08-12,2024-08-12,North,50,21173.7,SME,424
A000271,C00189,Savings,2023-02-07,2023-02-07,East,57,46083.01,Retail,976
A000272,C00189,Current,2023-02-07,2023-02-07,East,57,46083.01,Retail,976
A000273,C00190,Current,2022-05-27,2022-05-27,East,44,55918.99,Retail,1232
A000274,C00191,Current,2025-03-17,2025-03-17,West,32,106317.12,Retail,207
A000275,C00192,Current,2024-05-13,2024-05-13,South,34,24463.78,Retail,515
A000276,C00193,CreditCard,2023-05-04,2023-05-04,South,26,35187.72,Retail,890
A000277,C00193,Current,2023-05-04,2023-05-04,South,26,35187.72,Retail,890
A000278,C00193,Savings,2023-05-04,2023-05-04,South,26,35187.72,Retail,890
A000279,C00194,CreditCard,2024-07-17,2024-07-17,South,38,47768.55,Retail,450
A000280,C00195,Savings,2023-07-05,2023-07-05,East,23,74383.67,Premier,828
A000281,C00196,CreditCard,2022-12-04,2022-12-04,West,42,35996.22,SME,1041
A000282,C00197,Savings,2024-05-21,2024-05-21,North,56,76313.79,Retail,507
A000283,C00198,Savings,2023-10-03,2023-10-03,South,44,15908.31,Retail,738
A000284,C00199,Current,2023-04-18,2023-04-18,West,33,22395.02,SME,906
A000285,C00200,CreditCard,2022-05-31,2022-05-31,West,42,49891.84,Retail,1228
A000286,C00200,Savings,2022-05-31,2022-05-31,West,42,49891.84,Retail,1228
A000287,C00200,Current,2022-05-31,2022-05-31,West,42,49891.84,Retail,1228
A000288,C00201,Current,2022-09-20,2022-09-20,West,52,20700.12,Retail,1116
A000289,C00202,Savings,2022-05-24,2022-05-24,East,52,23295.43,Retail,1235
A000290,C00203,Current,2022-12-12,2022-12-12,South,28,32188.94,Retail,1033
A000291,C00204,Savings,2023-09-16,2023-09-16,East,42,61636.14,Retail,755
A000292,C00205,Current,2024-10-13,2024-10-13,East,36,16241.68,SME,362
A000293,C00206,Current,2024-05-30,2024-05-30,North,45,45634.36,Retail,498
A000294,C00207,Savings,2022-01-02,2022-01-02,East,41,70246.13,Retail,1377
A000295,C00208,Savings,2024-06-15,2024-06-15,East,18,38018.25,Retail,482
A000296,C00208,Current,2024-06-15,2024-06-15,East,18,38018.25,Retail,482
A000297,C00209,Current,2022-09-11,2022-09-11,North,34,34851.23,Retail,1125
A000298,C00209,CreditCard,2022-09-11,2022-09-11,North,34,34851.23,Retail,1125
A000299,C00210,Current,2023-03-29,2023-03-29,West,39,51234.67,Retail,926
A000300,C00211,Current,2024-11-26,2024-11-26,East,25,38071.21,Premier,318
A000301,C00211,Savings,2024-11-26,2024-11-26,East,25,38071.21,Premier,318
A000302,C00212,Savings,2025-03-29,2025-03-29,West,43,83996.88,Premier,195
A000303,C00213,Current,2024-10-11,2024-10-11,North,24,24041.62,Retail,364
A000304,C00214,Current,2022-01-09,2022-01-09,South,30,40840.99,SME,1370
A000305,C00214,Savings,2022-01-09,2022-01-09,South,30,40840.99,SME,1370
A000306,C00215,Current,2025-01-27,2025-01-27,East,50,46449.09,Premier,256
A000307,C00216,CreditCard,2024-03-26,2024-03-26,South,30,34684.54,Premier,563
A000308,C00217,Current,2022-07-27,2022-07-27,East,43,9973.07,Retail,1171
A000309,C00218,Current,2025-02-28,2025-02-28,East,22,38670.97,Retail,224
A000310,C00219,Current,2023-02-08,2023-02-08,North,56,65733.17,Retail,975
A000311,C00219,CreditCard,2023-02-08,2023-02-08,North,56,65733.17,Retail,975
A000312,C00219,Savings,2023-02-08,2023-02-08,North,56,65733.17,Retail,975
A000313,C00220,CreditCard,2022-06-01,2022-06-01,East,35,61841.77,Retail,1227
A000314,C00221,Current,2022-02-23,2022-02-23,East,38,50044.51,Retail,1325
A000315,C00222,Current,2025-02-17,2025-02-17,South,39,24205.19,Retail,235
A000316,C00223,Current,2023-09-20,2023-09-20,West,43,51069.54,Premier,751
A000317,C00223,Savings,2023-09-20,2023-09-20,West,43,51069.54,Premier,751
A000318,C00223,CreditCard,2023-09-20,2023-09-20,West,43,51069.54,Premier,751
A000319,C00224,Savings,2023-08-10,2023-08-10,West,24,31463.0,Premier,792
A000320,C00224,Current,2023-08-10,2023-08-10,West,24,31463.0,Premier,792
A000321,C00224,CreditCard,2023-08-10,2023-08-10,West,24,31463.0,Premier,792
A000322,C00225,Current,2022-04-14,2022-04-14,East,37,50011.79,SME,1275
A000323,C00226,Current,2022-09-11,2022-09-11,East,32,44534.55,Retail,1125
A000324,C00227,CreditCard,2025-02-09,2025-02-09,South,22,25720.93,Retail,243
A000325,C00227,Current,2025-02-09,2025-02-09,South,22,25720.93,Retail,243
A000326,C00228,CreditCard,2023-05-25,2023-05-25,West,46,26823.86,Retail,869
A000327,C00229,Current,2022-04-09,2022-04-09,East,34,50050.74,Retail,1280
A000328,C00230,CreditCard,2022-06-02,2022-06-02,East,40,37522.87,Retail,1226
A000329,C00231,Savings,2024-07-02,2024-07-02,West,39,27532.66,Retail,465
A000330,C00232,Current,2024-05-27,2024-05-27,South,34,26420.39,Retail,501
A000331,C00232,CreditCard,2024-05-27,2024-05-27,South,34,26420.39,Retail,501
A000332,C00233,Savings,2022-12-04,2022-12-04,West,55,36002.45,Premier,1041
A000333,C00234,Savings,2024-04-01,2024-04-01,North,37,91796.82,Retail,557
A000334,C00234,CreditCard,2024-04-01,2024-04-01,North,37,91796.82,Retail,557
A000335,C00234,Current,2024-04-01,2024-04-01,North,37,91796.82,Retail,557
A000336,C00235,Current,2025-04-01,2025-04-01,South,23,32216.98,Premier,192
A000337,C00236,Current,2024-08-14,2024-08-14,South,34,41616.78,Retail,422
A000338,C00236,Savings,2024-08-14,2024-08-14,South,34,41616.78,Retail,422
A000339,C00237,Savings,2022-06-10,2022-06-10,West,42,44095.25,Retail,1218
A000340,C00238,Savings,2024-03-11,2024-03-11,West,42,23807.94,Retail,578
A000341,C00239,Current,2023-02-02,2023-02-02,East,28,17358.63,Retail,981
A000342,C00240,Savings,2024-03-26,2024-03-26,East,46,25083.79,Retail,563
A000343,C00241,Current,2025-03-04,2025-03-04,East,22,47421.16,Retail,220
A000344,C00242,Savings,2023-02-05,2023-02-05,West,48,43780.57,Retail,978
A000345,C00242,CreditCard,2023-02-05,2023-02-05,West,48,43780.57,Retail,978
A000346,C00242,Current,2023-02-05,2023-02-05,West,48,43780.57,Retail,978
A000347,C00243,CreditCard,2023-10-02,2023-10-02,South,26,59544.01,Retail,739
A000348,C00244,Savings,2024-11-22,2024-11-22,South,35,43987.76,Retail,322
A000349,C00245,Current,2023-11-19,2023-11-19,North,47,39675.75,SME,691
A000350,C00246,Current,2023-04-05,2023-04-05,West,39,30984.76,Retail,919
A000351,C00247,Current,2024-08-12,2024-08-12,East,45,65223.77,Premier,424
A000352,C00248,Current,2023-04-15,2023-04-15,South,43,26468.68,Retail,909
A000353,C00248,Savings,2023-04-15,2023-04-15,South,43,26468.68,Retail,909
A000354,C00248,CreditCard,2023-04-15,2023-04-15,South,43,26468.68,Retail,909
A000355,C00249,Savings,2024-11-11,2024-11-11,North,49,24054.08,SME,333
A000356,C00250,Savings,2024-01-20,2024-01-20,West,47,55647.94,Premier,629
A000357,C00250,CreditCard,2024-01-20,2024-01-20,West,47,55647.94,Premier,629
A000358,C00251,Current,2022-02-07,2022-02-07,North,33,21519.53,Retail,1341
A000359,C00252,Current,2022-08-18,2022-08-18,East,43,140179.15,Retail,1149
A000360,C00252,CreditCard,2022-08-18,2022-08-18,East,43,140179.15,Retail,1149
A000361,C00253,Current,2023-07-17,2023-07-17,West,24,43620.12,Premier,816
A000362,C00254,Current,2023-03-14,2023-03-14,South,37,49873.15,Retail,941
A000363,C00254,Savings,2023-03-14,2023-03-14,South,37,49873.15,Retail,941
A000364,C00255,Current,2022-01-27,2022-01-27,North,45,27975.08,Retail,1352
A000365,C00255,CreditCard,2022-01-27,2022-01-27,North,45,27975.08,Retail,1352
A000366,C00256,Savings,2022-08-14,2022-08-14,East,39,35798.38,Retail,1153
A000367,C00257,Current,2024-03-08,2024-03-08,West,42,33857.35,Premier,581
A000368,C00257,Savings,2024-03-08,2024-03-08,West,42,33857.35,Premier,581
A000369,C00258,Current,2022-10-11,2022-10-11,East,36,31964.62,Premier,1095
A000370,C00258,Savings,2022-10-11,2022-10-11,East,36,31964.62,Premier,1095
A000371,C00259,Current,2024-05-28,2024-05-28,West,48,57512.63,Retail,500
A000372,C00260,Current,2024-08-17,2024-08-17,North,37,33472.57,Retail,419
A000373,C00261,CreditCard,2023-03-29,2023-03-29,East,33,69705.57,Retail,926
A000374,C00262,Current,2024-10-16,2024-10-16,East,45,158715.48,Retail,359
A000375,C00262,CreditCard,2024-10-16,2024-10-16,East,45,158715.48,Retail,359
A000376,C00263,CreditCard,2024-03-26,2024-03-26,West,25,36152.0,SME,563
A000377,C00263,Current,2024-03-26,2024-03-26,West,25,36152.0,SME,563
A000378,C00264,Current,2023-10-21,2023-10-21,North,42,45226.22,Retail,720
A000379,C00265,Current,2023-07-01,2023-07-01,West,28,50666.07,Retail,832
A000380,C00265,Savings,2023-07-01,2023-07-01,West,28,50666.07,Retail,832
A000381,C00266,Savings,2024-12-08,2024-12-08,East,49,103676.64,Retail,306
A000382,C00267,Current,2022-01-17,2022-01-17,South,35,40213.2,Premier,1362
A000383,C00268,CreditCard,2022-06-07,2022-06-07,North,39,27688.44,Retail,1221
A000384,C00268,Savings,2022-06-07,2022-06-07,North,39,27688.44,Retail,1221
A000385,C00269,Savings,2023-04-22,2023-04-22,West,41,22250.14,Retail,902
A000386,C00269,Current,2023-04-22,2023-04-22,West,41,22250.14,Retail,902
A000387,C00269,CreditCard,2023-04-22,2023-04-22,West,41,22250.14,Retail,902
A000388,C00270,Savings,2024-12-05,2024-12-05,North,20,40711.69,Retail,309
A000389,C00270,Current,2024-12-05,2024-12-05,North,20,40711.69,Retail,309
A000390,C00271,Current,2023-06-02,2023-06-02,South,32,33492.82,Retail,861
A000391,C00272,Current,2022-04-09,2022-04-09,South,47,114494.05,Retail,1280
A000392,C00273,Current,2024-11-26,2024-11-26,West,45,101540.89,Retail,318
A000393,C00273,Savings,2024-11-26,2024-11-26,West,45,101540.89,Retail,318
A000394,C00274,Current,2022-10-07,2022-10-07,East,40,24987.2,Retail,1099
A000395,C00274,Savings,2022-10-07,2022-10-07,East,40,24987.2,Retail,1099
A000396,C00275,CreditCard,2023-05-12,2023-05-12,West,25,29375.54,SME,882
A000397,C00276,Current,2022-10-29,2022-10-29,North,43,43484.59,Premier,1077
A000398,C00276,Savings,2022-10-29,2022-10-29,North,43,43484.59,Premier,1077
A000399,C00276,CreditCard,2022-10-29,2022-10-29,North,43,43484.59,Premier,1077
A000400,C00277,Current,2022-06-30,2022-06-30,East,44,84278.85,SME,1198
A000401,C00278,Current,2023-08-30,2023-08-30,East,38,43121.62,Retail,772
A000402,C00278,Savings,2023-08-30,2023-08-30,East,38,43121.62,Retail,772
A000403,C00278,CreditCard,2023-08-30,2023-08-30,East,38,43121.62,Retail,772
A000404,C00279,CreditCard,2025-01-27,2025-01-27,West,49,30322.69,SME,256
A000405,C00280,Savings,2023-12-01,2023-12-01,West,31,40694.56,Retail,679
A000406,C00281,Current,2024-09-19,2024-09-19,North,33,30609.32,Retail,386
A000407,C00282,Current,2025-02-13,2025-02-13,East,18,56643.37,Retail,239
A000408,C00283,Savings,2022-07-10,2022-07-10,North,46,29400.47,Retail,1188
A000409,C00284,Current,2022-09-10,2022-09-10,East,40,32469.34,Retail,1126
A000410,C00285,Savings,2024-09-07,2024-09-07,South,22,74925.78,Retail,398
A000411,C00286,Current,2024-07-16,2024-07-16,South,22,28540.56,Retail,451
A000412,C00287,Current,2025-03-30,2025-03-30,South,30,20337.15,Retail,194
A000413,C00288,Savings,2022-05-08,2022-05-08,East,45,43948.81,Retail,1251
A000414,C00289,Current,2022-01-18,2022-01-18,South,35,34997.66,Retail,1361
A000415,C00290,Savings,2023-07-20,2023-07-20,East,30,54121.29,Retail,813
A000416,C00291,Current,2023-07-24,2023-07-24,South,28,49119.17,Premier,809
A000417,C00292,Current,2023-11-17,2023-11-17,North,28,41246.02,Premier,693
A000418,C00293,Current,2023-09-18,2023-09-18,West,20,40649.38,Retail,753
A000419,C00294,Current,2024-05-03,2024-05-03,South,27,29007.9,Retail,525
A000420,C00295,Current,2024-08-19,2024-08-19,South,28,43693.33,Retail,417
A000421,C00296,Savings,2022-06-04,2022-06-04,East,44,65116.28,Premier,1224
A000422,C00297,CreditCard,2023-05-05,2023-05-05,South,36,25759.88,Retail,889
A000423,C00297,Savings,2023-05-05,2023-05-05,South,36,25759.88,Retail,889
A000424,C00297,Current,2023-05-05,2023-05-05,South,36,25759.88,Retail,889
A000425,C00298,Savings,2024-02-24,2024-02-24,North,30,41797.49,Retail,594
A000426,C00299,Current,2025-02-01,2025-02-01,South,58,70436.19,Retail,251
A000427,C00300,Current,2022-09-03,2022-09-03,West,32,53959.27,Retail,1133
A000428,C00300,CreditCard,2022-09-03,2022-09-03,West,32,53959.27,Retail,1133
A000429,C00301,Current,2024-11-28,2024-11-28,East,48,80661.62,Retail,316
A000430,C00302,Savings,2024-01-29,2024-01-29,East,52,31545.57,Premier,620
A000431,C00302,Current,2024-01-29,2024-01-29,East,52,31545.57,Premier,620
A000432,C00302,CreditCard,2024-01-29,2024-01-29,East,52,31545.57,Premier,620
A000433,C00303,Current,2023-06-22,2023-06-22,East,23,16779.13,Retail,841
A000434,C00303,Savings,2023-06-22,2023-06-22,East,23,16779.13,Retail,841
A000435,C00304,CreditCard,2024-07-09,2024-07-09,North,38,46332.26,Retail,458
A000436,C00305,Savings,2023-02-12,2023-02-12,South,33,50239.23,Premier,971
A000437,C00306,Savings,2023-06-09,2023-06-09,East,32,83074.66,Premier,854
A000438,C00307,Current,2024-04-07,2024-04-07,North,42,75913.43,Retail,551
A000439,C00307,CreditCard,2024-04-07,2024-04-07,North,42,75913.43,Retail,551
A000440,C00307,Savings,2024-04-07,2024-04-07,North,42,75913.43,Retail,551
A000441,C00308,Savings,2024-06-21,2024-06-21,South,32,54811.39,Retail,476
A000442,C00308,CreditCard,2024-06-21,2024-06-21,South,32,54811.39,Retail,476
A000443,C00309,Current,2022-02-05,2022-02-05,South,33,61449.2,Retail,1343
A000444,C00309,Savings,2022-02-05,2022-02-05,South,33,61449.2,Retail,1343
A000445,C00310,Savings,2023-11-16,2023-11-16,South,36,38077.45,SME,694
A000446,C00310,Current,2023-11-16,2023-11-16,South,36,38077.45,SME,694
A000447,C00310,CreditCard,2023-11-16,2023-11-16,South,36,38077.45,SME,694
A000448,C00311,Current,2022-01-20,2022-01-20,West,34,22781.35,Retail,1359
A000449,C00311,Savings,2022-01-20,2022-01-20,West,34,22781.35,Retail,1359
A000450,C00312,Current,2022-11-17,2022-11-17,North,27,44450.43,SME,1058
A000451,C00313,Current,2023-05-27,2023-05-27,East,45,68498.28,Retail,867
A000452,C00314,Current,2023-02-04,2023-02-04,North,47,58188.72,Retail,979
A000453,C00314,CreditCard,2023-02-04,2023-02-04,North,47,58188.72,Retail,979
A000454,C00314,Savings,2023-02-04,2023-02-04,North,47,58188.72,Retail,979
A000455,C00315,Current,2023-10-16,2023-10-16,West,41,63588.07,Retail,725
A000456,C00316,Current,2024-08-29,2024-08-29,North,34,33840.21,Retail,407
A000457,C00317,CreditCard,2023-04-16,2023-04-16,South,31,36698.79,Retail,908
A000458,C00317,Current,2023-04-16,2023-04-16,South,31,36698.79,Retail,908
A000459,C00318,CreditCard,2025-03-12,2025-03-12,East,31,53368.87,Retail,212
A000460,C00319,Savings,2025-01-20,2025-01-20,East,59,31889.84,Retail,263
A000461,C00320,CreditCard,2024-04-13,2024-04-13,South,46,32383.67,SME,545
A000462,C00321,CreditCard,2023-12-28,2023-12-28,South,30,48644.04,Retail,652
A000463,C00321,Savings,2023-12-28,2023-12-28,South,30,48644.04,Retail,652
A000464,C00322,CreditCard,2024-05-03,2024-05-03,South,39,61312.12,Premier,525
A000465,C00323,Current,2022-02-20,2022-02-20,South,34,37931.01,Retail,1328
A000466,C00324,Savings,2023-07-29,2023-07-29,North,43,23427.84,Retail,804
A000467,C00324,CreditCard,2023-07-29,2023-07-29,North,43,23427.84,Retail,804
A000468,C00325,Savings,2025-02-22,2025-02-22,South,42,29009.46,Retail,230
A000469,C00326,Current,2022-05-30,2022-05-30,South,47,46402.36,Retail,1229
A000470,C00326,Savings,2022-05-30,2022-05-30,South,47,46402.36,Retail,1229
A000471,C00327,CreditCard,2022-11-10,2022-11-10,South,30,46121.95,SME,1065
A000472,C00328,Savings,2023-07-24,2023-07-24,East,38,47282.52,Retail,809
A000473,C00328,CreditCard,2023-07-24,2023-07-24,East,38,47282.52,Retail,809
A000474,C00329,Savings,2022-11-01,2022-11-01,West,22,54389.23,Retail,1074
A000475,C00330,CreditCard,2023-11-13,2023-11-13,East,26,42031.16,Retail,697
A000476,C00331,CreditCard,2024-04-17,2024-04-17,North,45,47849.56,Retail,541
A000477,C00332,Current,2024-12-13,2024-12-13,North,29,40976.52,Retail,301
A000478,C00333,Current,2024-09-29,2024-09-29,West,30,74431.96,Premier,376
A000479,C00333,Savings,2024-09-29,2024-09-29,West,30,74431.96,Premier,376
A000480,C00334,Savings,2023-03-20,2023-03-20,South,37,85772.78,Premier,935
A000481,C00335,Current,2023-09-05,2023-09-05,North,44,23127.18,Retail,766
A000482,C00336,Current,2024-09-19,2024-09-19,East,28,36888.84,Retail,386
A000483,C00337,Current,2022-09-21,2022-09-21,East,18,42601.31,Retail,1115
A000484,C00338,Current,2024-12-12,2024-12-12,East,30,36673.86,Retail,302
A000485,C00339,CreditCard,2024-09-30,2024-09-30,South,48,102717.04,Retail,375
A000486,C00340,Current,2022-01-05,2022-01-05,North,41,46875.93,Retail,1374
A000487,C00341,Current,2025-01-31,2025-01-31,West,49,28017.14,Retail,252
A000488,C00341,Savings,2025-01-31,2025-01-31,West,49,28017.14,Retail,252
A000489,C00342,Current,2024-02-13,2024-02-13,North,27,56472.02,Retail,605
A000490,C00343,Savings,2024-05-26,2024-05-26,East,23,47991.32,Retail,502
A000491,C00344,Current,2024-09-18,2024-09-18,East,42,48795.15,Retail,387
A000492,C00344,CreditCard,2024-09-18,2024-09-18,East,42,48795.15,Retail,387
A000493,C00345,Current,2024-06-02,2024-06-02,East,40,103488.15,Retail,495
A000494,C00346,Savings,2022-02-16,2022-02-16,South,40,49944.81,Retail,1332
A000495,C00346,Current,2022-02-16,2022-02-16,South,40,49944.81,Retail,1332
A000496,C00346,CreditCard,2022-02-16,2022-02-16,South,40,49944.81,Retail,1332
A000497,C00347,Current,2024-05-16,2024-05-16,South,46,36005.56,Premier,512
A000498,C00348,CreditCard,2024-04-02,2024-04-02,East,41,15766.55,Retail,556
A000499,C00349,Current,2024-07-24,2024-07-24,West,41,38583.73,Retail,443
A000500,C00349,CreditCard,2024-07-24,2024-07-24,West,41,38583.73,Retail,443
A000501,C00350,Current,2023-10-18,2023-10-18,West,44,80519.86,Retail,723
A000502,C00351,Current,2022-09-26,2022-09-26,North,42,40041.84,Premier,1110
A000503,C00352,Current,2023-01-05,2023-01-05,North,45,13674.42,Retail,1009
A000504,C00352,Savings,2023-01-05,2023-01-05,North,45,13674.42,Retail,1009
A000505,C00353,Current,2023-09-28,2023-09-28,West,47,32665.63,Retail,743
A000506,C00354,Current,2025-02-03,2025-02-03,East,51,68845.67,Retail,249
A000507,C00354,CreditCard,2025-02-03,2025-02-03,East,51,68845.67,Retail,249
A000508,C00354,Savings,2025-02-03,2025-02-03,East,51,68845.67,Retail,249
A000509,C00355,Current,2023-10-19,2023-10-19,West,32,55060.64,Premier,722
A000510,C00356,Savings,2022-04-30,2022-04-30,North,42,27538.89,SME,1259
A000511,C00357,Current,2024-04-10,2024-04-10,East,34,31590.74,Retail,548
A000512,C00358,Current,2024-12-17,2024-12-17,East,30,34129.97,Premier,297
A000513,C00359,Current,2024-01-11,2024-01-11,East,31,30089.02,SME,638
A000514,C00359,CreditCard,2024-01-11,2024-01-11,East,31,30089.02,SME,638
A000515,C00359,Savings,2024-01-11,2024-01-11,East,31,30089.02,SME,638
A000516,C00360,Current,2022-04-27,2022-04-27,South,42,15190.16,SME,1262
A000517,C00360,Savings,2022-04-27,2022-04-27,South,42,15190.16,SME,1262
A000518,C00361,Current,2024-03-01,2024-03-01,North,41,61394.68,Retail,588
A000519,C00361,Savings,2024-03-01,2024-03-01,North,41,61394.68,Retail,588
A000520,C00361,CreditCard,2024-03-01,2024-03-01,North,41,61394.68,Retail,588
A000521,C00362,Current,2025-02-24,2025-02-24,East,41,78575.72,Retail,228
A000522,C00363,Savings,2024-10-09,2024-10-09,North,35,19614.33,Retail,366
A000523,C00364,Current,2024-12-17,2024-12-17,South,38,78058.53,Premier,297
A000524,C00365,Current,2023-09-26,2023-09-26,West,45,39805.05,Retail,745
A000525,C00365,CreditCard,2023-09-26,2023-09-26,West,45,39805.05,Retail,745
A000526,C00366,Savings,2023-05-28,2023-05-28,South,24,77331.03,Retail,866
A000527,C00367,Current,2024-03-12,2024-03-12,West,38,42713.48,Retail,577
A000528,C00367,Savings,2024-03-12,2024-03-12,West,38,42713.48,Retail,577
A000529,C00368,CreditCard,2025-01-24,2025-01-24,North,38,44849.23,Premier,259
A000530,C00369,Current,2025-02-15,2025-02-15,East,44,50488.48,Premier,237
A000531,C00369,Savings,2025-02-15,2025-02-15,East,44,50488.48,Premier,237
A000532,C00370,CreditCard,2023-07-14,2023-07-14,West,25,28233.67,Retail,819
A000533,C00370,Current,2023-07-14,2023-07-14,West,25,28233.67,Retail,819
A000534,C00370,Savings,2023-07-14,2023-07-14,West,25,28233.67,Retail,819
A000535,C00371,Current,2023-05-03,2023-05-03,North,51,76161.12,Premier,891
A000536,C00371,Savings,2023-05-03,2023-05-03,North,51,76161.12,Premier,891
A000537,C00371,CreditCard,2023-05-03,2023-05-03,North,51,76161.12,Premier,891
A000538,C00372,Current,2024-06-15,2024-06-15,North,39,23923.22,Retail,482
A000539,C00373,Current,2023-12-05,2023-12-05,South,40,34277.96,Premier,675
A000540,C00374,Current,2023-08-04,2023-08-04,North,34,54470.23,Retail,798
A000541,C00375,Current,2024-02-29,2024-02-29,East,42,32489.6,Retail,589
A000542,C00376,Current,2024-05-10,2024-05-10,West,38,61823.08,SME,518
A000543,C00377,CreditCard,2022-09-04,2022-09-04,South,48,83384.67,Retail,1132
A000544,C00377,Current,2022-09-04,2022-09-04,South,48,83384.67,Retail,1132
A000545,C00377,Savings,2022-09-04,2022-09-04,South,48,83384.67,Retail,1132
A000546,C00378,Savings,2025-01-04,2025-01-04,North,25,69532.66,Premier,279
A000547,C00379,Current,2022-06-03,2022-06-03,South,39,15917.66,Retail,1225
A000548,C00379,CreditCard,2022-06-03,2022-06-03,South,39,15917.66,Retail,1225
A000549,C00379,Savings,2022-06-03,2022-06-03,South,39,15917.66,Retail,1225
A000550,C00380,Current,2024-09-23,2024-09-23,East,41,44631.13,Retail,382
A000551,C00381,Savings,2025-01-14,2025-01-14,North,36,70096.58,Retail,269
A000552,C00382,CreditCard,2023-11-28,2023-11-28,East,34,21697.12,Retail,682
A000553,C00382,Current,2023-11-28,2023-11-28,East,34,21697.12,Retail,682
A000554,C00383,Current,2024-12-28,2024-12-28,East,34,60179.59,Retail,286
A000555,C00384,Current,2024-12-06,2024-12-06,East,39,58512.74,Retail,308
A000556,C00385,CreditCard,2024-10-05,2024-10-05,North,21,22862.36,Retail,370
A000557,C00385,Current,2024-10-05,2024-10-05,North,21,22862.36,Retail,370
A000558,C00385,Savings,2024-10-05,2024-10-05,North,21,22862.36,Retail,370
A000559,C00386,Current,2022-04-04,2022-04-04,East,46,63602.09,Retail,1285
A000560,C00387,Current,2024-08-15,2024-08-15,North,33,48031.82,SME,421
A000561,C00387,CreditCard,2024-08-15,2024-08-15,North,33,48031.82,SME,421
A000562,C00388,Current,2024-10-08,2024-10-08,North,39,58015.8,SME,367
A000563,C00388,Savings,2024-10-08,2024-10-08,North,39,58015.8,SME,367
A000564,C00389,Current,2023-03-29,2023-03-29,West,41,25851.79,Retail,926
A000565,C00390,Current,2024-06-30,2024-06-30,East,33,45176.37,Premier,467
A000566,C00391,Current,2022-08-06,2022-08-06,North,36,17869.59,Retail,1161
A000567,C00391,Savings,2022-08-06,2022-08-06,North,36,17869.59,Retail,1161
A000568,C00392,Current,2023-04-19,2023-04-19,North,19,13423.61,Retail,905
A000569,C00393,Current,2023-03-08,2023-03-08,North,44,44967.62,Premier,947
A000570,C00393,Savings,2023-03-08,2023-03-08,North,44,44967.62,Premier,947
A000571,C00394,Current,2022-12-07,2022-12-07,South,47,72662.29,SME,1038
A000572,C00395,Current,2023-07-05,2023-07-05,North,22,47559.81,Retail,828
A000573,C00395,CreditCard,2023-07-05,2023-07-05,North,22,47559.81,Retail,828
A000574,C00396,CreditCard,2022-12-23,2022-12-23,North,34,40601.09,Premier,1022
A000575,C00397,Current,2022-01-23,2022-01-23,South,26,38158.45,Retail,1356
A000576,C00398,Current,2023-06-06,2023-06-06,East,36,26160.23,SME,857
A000577,C00398,Savings,2023-06-06,2023-06-06,East,36,26160.23,SME,857
A000578,C00399,Current,2025-01-28,2025-01-28,East,43,37508.85,Retail,255
A000579,C00400,Current,2024-03-12,2024-03-12,East,46,51747.19,Retail,577
A000580,C00401,Current,2024-02-01,2024-02-01,North,48,33714.03,Retail,617
A000581,C00401,CreditCard,2024-02-01,2024-02-01,North,48,33714.03,Retail,617
A000582,C00402,Current,2023-03-18,2023-03-18,West,49,60995.88,Retail,937
A000583,C00402,CreditCard,2023-03-18,2023-03-18,West,49,60995.88,Retail,937
A000584,C00402,Savings,2023-03-18,2023-03-18,West,49,60995.88,Retail,937
A000585,C00403,Current,2024-02-08,2024-02-08,West,35,46224.77,Retail,610
A000586,C00404,Savings,2024-10-12,2024-10-12,West,27,49108.27,SME,363
A000587,C00405,Savings,2023-05-31,2023-05-31,West,36,65356.18,Retail,863
A000588,C00406,Current,2024-11-05,2024-11-05,West,43,32206.08,Retail,339
A000589,C00407,Current,2024-03-02,2024-03-02,East,26,58277.51,Retail,587
A000590,C00408,Current,2022-12-02,2022-12-02,North,52,34545.9,Retail,1043
A000591,C00409,Current,2022-09-15,2022-09-15,East,46,49664.4,Retail,1121
A000592,C00410,CreditCard,2023-05-12,2023-05-12,East,36,30344.5,Retail,882
A000593,C00411,Current,2024-06-14,2024-06-14,East,31,26580.84,Retail,483
A000594,C00412,CreditCard,2022-06-09,2022-06-09,East,31,43880.27,Retail,1219
A000595,C00413,Savings,2024-05-01,2024-05-01,North,38,16328.92,Retail,527
A000596,C00414,Savings,2023-11-21,2023-11-21,South,35,36139.53,Premier,689
A000597,C00414,Current,2023-11-21,2023-11-21,South,35,36139.53,Premier,689
A000598,C00415,Current,2023-01-15,2023-01-15,West,46,18771.56,Premier,999
A000599,C00415,CreditCard,2023-01-15,2023-01-15,West,46,18771.56,Premier,999
A000600,C00416,Savings,2024-08-14,2024-08-14,East,34,61876.04,Retail,422
A000601,C00417,Savings,2023-11-22,2023-11-22,East,42,70850.56,Retail,688
A000602,C00418,Current,2024-12-02,2024-12-02,South,37,27208.63,Retail,312
A000603,C00419,CreditCard,2022-10-12,2022-10-12,South,40,51918.55,Retail,1094
A000604,C00420,Current,2023-02-01,2023-02-01,West,35,65698.9,Retail,982
A000605,C00421,Savings,2022-01-12,2022-01-12,East,44,65809.5,Retail,1367
A000606,C00422,Current,2023-05-14,2023-05-14,West,44,46653.17,Retail,880
A000607,C00423,Current,2024-01-24,2024-01-24,South,42,60502.06,Retail,625
A000608,C00424,Current,2022-02-04,2022-02-04,East,43,30291.53,Retail,1344
A000609,C00425,Current,2023-12-28,2023-12-28,North,29,43688.66,Premier,652
A000610,C00425,Savings,2023-12-28,2023-12-28,North,29,43688.66,Premier,652
A000611,C00426,CreditCard,2024-04-28,2024-04-28,East,40,33181.26,SME,530
A000612,C00426,Savings,2024-04-28,2024-04-28,East,40,33181.26,SME,530
A000613,C00426,Current,2024-04-28,2024-04-28,East,40,33181.26,SME,530
A000614,C00427,Current,2022-03-31,2022-03-31,South,49,29039.06,Retail,1289
A000615,C00428,Current,2024-02-15,2024-02-15,South,42,42672.97,Retail,603
A000616,C00429,CreditCard,2023-08-28,2023-08-28,East,28,49863.8,Premier,774
A000617,C00429,Savings,2023-08-28,2023-08-28,East,28,49863.8,Premier,774
A000618,C00430,Savings,2024-08-27,2024-08-27,West,37,74983.42,SME,409
A000619,C00431,Current,2024-10-18,2024-10-18,North,41,47851.12,Retail,357
A000620,C00432,Current,2023-02-22,2023-02-22,West,31,57771.23,Retail,961
A000621,C00432,Savings,2023-02-22,2023-02-22,West,31,57771.23,Retail,961
A000622,C00433,Savings,2022-04-25,2022-04-25,South,25,58099.92,Retail,1264
A000623,C00433,Current,2022-04-25,2022-04-25,South,25,58099.92,Retail,1264
A000624,C00434,Current,2023-09-09,2023-09-09,South,35,160659.62,Retail,762
A000625,C00434,CreditCard,2023-09-09,2023-09-09,South,35,160659.62,Retail,762
A000626,C00435,CreditCard,2024-04-05,2024-04-05,North,31,16953.6,Retail,553
A000627,C00435,Current,2024-04-05,2024-04-05,North,31,16953.6,Retail,553
A000628,C00436,Savings,2025-01-03,2025-01-03,South,37,29712.03,Retail,280
A000629,C00436,CreditCard,2025-01-03,2025-01-03,South,37,29712.03,Retail,280
A000630,C00437,Savings,2023-02-17,2023-02-17,East,23,87579.84,Retail,966
A000631,C00438,Current,2023-12-30,2023-12-30,North,43,35145.65,Retail,650
A000632,C00439,Current,2024-10-17,2024-10-17,South,32,65262.71,Premier,358
A000633,C00440,CreditCard,2024-01-31,2024-01-31,West,46,47017.69,Retail,618
A000634,C00441,Savings,2023-11-07,2023-11-07,North,35,120075.66,Retail,703
A000635,C00442,Current,2023-04-02,2023-04-02,East,37,24022.92,Retail,922
A000636,C00443,Current,2024-07-08,2024-07-08,South,36,77201.74,Retail,459
A000637,C00444,Current,2022-07-11,2022-07-11,East,31,100515.86,SME,1187
A000638,C00445,Current,2024-01-09,2024-01-09,South,60,25236.45,Retail,640
A000639,C00446,Current,2025-01-27,2025-01-27,North,33,61989.76,Retail,256
A000640,C00447,CreditCard,2024-09-04,2024-09-04,North,47,25862.69,Premier,401
A000641,C00448,Savings,2024-10-05,2024-10-05,North,28,42546.79,Retail,370
A000642,C00448,Current,2024-10-05,2024-10-05,North,28,42546.79,Retail,370
A000643,C00449,Savings,2022-04-06,2022-04-06,North,41,36863.91,SME,1283
A000644,C00449,Current,2022-04-06,2022-04-06,North,41,36863.91,SME,1283
A000645,C00450,Savings,2023-10-25,2023-10-25,East,42,12605.76,Retail,716
A000646,C00450,Current,2023-10-25,2023-10-25,East,42,12605.76,Retail,716
A000647,C00451,Current,2022-02-06,2022-02-06,West,37,51812.62,Retail,1342
A000648,C00451,Savings,2022-02-06,2022-02-06,West,37,51812.62,Retail,1342
A000649,C00452,Current,2022-10-06,2022-10-06,West,32,45023.7,Retail,1100
A000650,C00452,Savings,2022-10-06,2022-10-06,West,32,45023.7,Retail,1100
A000651,C00453,Current,2022-08-05,2022-08-05,East,35,87799.49,Retail,1162
A000652,C00454,Savings,2024-05-16,2024-05-16,North,34,56887.95,Premier,512
A000653,C00454,Current,2024-05-16,2024-05-16,North,34,56887.95,Premier,512
A000654,C00455,Current,2024-05-22,2024-05-22,South,59,131757.65,Premier,506
A000655,C00456,Current,2022-03-03,2022-03-03,South,37,44213.64,Retail,1317
A000656,C00456,Savings,2022-03-03,2022-03-03,South,37,44213.64,Retail,1317
A000657,C00457,CreditCard,2023-08-19,2023-08-19,North,42,39755.2,Retail,783
A000658,C00457,Savings,2023-08-19,2023-08-19,North,42,39755.2,Retail,783
A000659,C00458,Current,2023-12-30,2023-12-30,East,54,38219.21,Premier,650
A000660,C00458,Savings,2023-12-30,2023-12-30,East,54,38219.21,Premier,650
A000661,C00459,Current,2023-02-01,2023-02-01,East,30,33640.81,SME,982
A000662,C00460,Current,2023-11-30,2023-11-30,South,38,13897.18,Retail,680
A000663,C00461,Savings,2024-11-08,2024-11-08,South,35,37540.0,Retail,336
A000664,C00461,Current,2024-11-08,2024-11-08,South,35,37540.0,Retail,336
A000665,C00461,CreditCard,2024-11-08,2024-11-08,South,35,37540.0,Retail,336
A000666,C00462,Current,2022-06-26,2022-06-26,West,37,14903.53,Retail,1202
A000667,C00462,CreditCard,2022-06-26,2022-06-26,West,37,14903.53,Retail,1202
A000668,C00463,Current,2023-01-31,2023-01-31,West,36,52538.56,Premier,983
A000669,C00464,Current,2023-03-21,2023-03-21,South,31,22544.56,Retail,934
A000670,C00464,Savings,2023-03-21,2023-03-21,South,31,22544.56,Retail,934
A000671,C00464,CreditCard,2023-03-21,2023-03-21,South,31,22544.56,Retail,934
A000672,C00465,CreditCard,2022-03-17,2022-03-17,West,39,26798.93,Retail,1303
A000673,C00465,Current,2022-03-17,2022-03-17,West,39,26798.93,Retail,1303
A000674,C00465,Savings,2022-03-17,2022-03-17,West,39,26798.93,Retail,1303
A000675,C00466,Savings,2022-09-22,2022-09-22,West,28,29989.32,Premier,1114
A000676,C00466,Current,2022-09-22,2022-09-22,West,28,29989.32,Premier,1114
A000677,C00467,CreditCard,2023-03-31,2023-03-31,South,46,37828.2,Retail,924
A000678,C00467,Current,2023-03-31,2023-03-31,South,46,37828.2,Retail,924
A000679,C00468,Current,2023-12-19,2023-12-19,South,43,42054.52,Retail,661
A000680,C00469,Savings,2024-01-05,2024-01-05,East,33,72079.67,Retail,644
A000681,C00469,Current,2024-01-05,2024-01-05,East,33,72079.67,Retail,644
A000682,C00470,Current,2024-04-30,2024-04-30,West,33,31399.13,Retail,528
A000683,C00471,CreditCard,2022-05-24,2022-05-24,West,40,53281.63,Retail,1235
A000684,C00472,Current,2024-06-03,2024-06-03,North,30,164178.7,Retail,494
A000685,C00472,Savings,2024-06-03,2024-06-03,North,30,164178.7,Retail,494
A000686,C00473,Current,2024-12-28,2024-12-28,South,54,50613.11,Retail,286
A000687,C00473,CreditCard,2024-12-28,2024-12-28,South,54,50613.11,Retail,286
A000688,C00473,Savings,2024-12-28,2024-12-28,South,54,50613.11,Retail,286
A000689,C00474,Current,2025-01-27,2025-01-27,East,41,38293.98,Retail,256
A000690,C00475,Savings,2023-01-31,2023-01-31,East,41,28387.89,Premier,983
A000691,C00476,Current,2024-11-14,2024-11-14,North,44,38029.15,Premier,330
A000692,C00477,CreditCard,2024-08-05,2024-08-05,West,32,26907.98,Retail,431
A000693,C00477,Current,2024-08-05,2024-08-05,West,32,26907.98,Retail,431
A000694,C00478,Current,2024-06-09,2024-06-09,East,47,47935.24,Retail,488
A000695,C00479,Savings,2025-03-20,2025-03-20,West,39,44137.31,Retail,204
A000696,C00479,Current,2025-03-20,2025-03-20,West,39,44137.31,Retail,204
A000697,C00480,Savings,2025-03-13,2025-03-13,West,46,14216.53,Retail,211
A000698,C00481,Current,2023-07-23,2023-07-23,East,36,41523.31,Retail,810
A000699,C00481,Savings,2023-07-23,2023-07-23,East,36,41523.31,Retail,810
A000700,C00482,CreditCard,2024-11-28,2024-11-28,South,49,71779.01,Retail,316
A000701,C00483,Savings,2022-04-19,2022-04-19,East,41,34327.81,Retail,1270
A000702,C00483,Current,2022-04-19,2022-04-19,East,41,34327.81,Retail,1270
A000703,C00484,Current,2024-12-01,2024-12-01,North,57,30237.01,Retail,313
A000704,C00484,Savings,2024-12-01,2024-12-01,North,57,30237.01,Retail,313
A000705,C00485,Savings,2024-07-23,2024-07-23,East,34,21045.96,Retail,444
A000706,C00486,Current,2023-02-02,2023-02-02,North,39,16551.69,Retail,981
A000707,C00487,Current,2023-09-26,2023-09-26,East,28,63510.18,Retail,745
A000708,C00488,Current,2025-03-02,2025-03-02,North,33,38273.73,Retail,222
A000709,C00489,Current,2025-04-01,2025-04-01,North,43,61653.28,Retail,192
A000710,C00489,Savings,2025-04-01,2025-04-01,North,43,61653.28,Retail,192
A000711,C00490,Current,2024-01-03,2024-01-03,North,48,90123.73,Premier,646
A000712,C00490,Savings,2024-01-03,2024-01-03,North,48,90123.73,Premier,646
A000713,C00491,Current,2022-08-23,2022-08-23,North,64,66429.51,Premier,1144
A000714,C00492,Savings,2023-10-20,2023-10-20,East,37,31955.27,Retail,721
A000715,C00492,Current,2023-10-20,2023-10-20,East,37,31955.27,Retail,721
A000716,C00493,Savings,2024-01-21,2024-01-21,East,29,45057.97,Retail,628
A000717,C00493,Current,2024-01-21,2024-01-21,East,29,45057.97,Retail,628
A000718,C00494,Current,2023-08-11,2023-08-11,East,44,30819.63,Retail,791
A000719,C00495,Savings,2024-10-29,2024-10-29,North,27,29411.37,Retail,346
A000720,C00496,CreditCard,2025-01-02,2025-01-02,North,43,49745.41,Retail,281
A000721,C00496,Savings,2025-01-02,2025-01-02,North,43,49745.41,Retail,281
A000722,C00497,Current,2024-08-11,2024-08-11,North,33,27643.26,Premier,425
A000723,C00498,Current,2023-05-07,2023-05-07,North,39,13886.28,Retail,887
A000724,C00498,Savings,2023-05-07,2023-05-07,North,39,13886.28,Retail,887
A000725,C00499,Savings,2024-07-01,2024-07-01,West,47,26881.5,Premier,466
A000726,C00499,Current,2024-07-01,2024-07-01,West,47,26881.5,Premier,466
A000727,C00500,CreditCard,2022-06-19,2022-06-19,North,37,35947.92,Retail,1209
A000728,C00500,Current,2022-06-19,2022-06-19,North,37,35947.92,Retail,1209
A000729,C00501,Current,2024-08-03,2024-08-03,South,46,89678.2,Retail,433
A000730,C00501,CreditCard,2024-08-03,2024-08-03,South,46,89678.2,Retail,433
A000731,C00502,Current,2024-03-05,2024-03-05,North,45,32787.14,Premier,584
A000732,C00503,Savings,2023-09-26,2023-09-26,North,21,54135.31,Retail,745
A000733,C00504,Current,2022-01-29,2022-01-29,East,29,38527.65,Retail,1350
A000734,C00505,CreditCard,2025-04-03,2025-04-03,East,23,77379.33,Retail,190
A000735,C00506,Current,2022-12-05,2022-12-05,North,56,74743.52,Retail,1040
A000736,C00507,Current,2023-05-15,2023-05-15,North,37,75460.11,SME,879
A000737,C00507,CreditCard,2023-05-15,2023-05-15,North,37,75460.11,SME,879
A000738,C00508,Savings,2023-05-26,2023-05-26,South,54,17610.99,Retail,868
A000739,C00509,Current,2022-08-05,2022-08-05,North,23,46474.02,SME,1162
A000740,C00510,Current,2025-03-01,2025-03-01,North,32,61251.36,SME,223
A000741,C00510,Savings,2025-03-01,2025-03-01,North,32,61251.36,SME,223
A000742,C00511,Current,2024-12-29,2024-12-29,West,45,50719.04,Premier,285
A000743,C00512,CreditCard,2023-03-21,2023-03-21,East,39,57617.0,Retail,934
A000744,C00513,Current,2024-05-25,2024-05-25,East,42,43151.22,Retail,503
A000745,C00514,Current,2022-06-16,2022-06-16,South,26,28880.16,Premier,1212
A000746,C00515,CreditCard,2022-04-01,2022-04-01,South,50,17939.69,Retail,1288
A000747,C00516,CreditCard,2023-12-15,2023-12-15,East,44,30347.61,Retail,665
A000748,C00517,Savings,2022-02-08,2022-02-08,East,41,159904.08,Retail,1340
A000749,C00518,Current,2025-02-23,2025-02-23,East,31,32874.37,Retail,229
A000750,C00518,CreditCard,2025-02-23,2025-02-23,East,31,32874.37,Retail,229
A000751,C00518,Savings,2025-02-23,2025-02-23,East,31,32874.37,Retail,229
A000752,C00519,Current,2022-06-22,2022-06-22,North,40,15733.84,Retail,1206
A000753,C00519,Savings,2022-06-22,2022-06-22,North,40,15733.84,Retail,1206
A000754,C00520,Current,2023-10-15,2023-10-15,East,35,60452.21,Retail,726
A000755,C00521,Current,2024-01-24,2024-01-24,South,23,64279.74,Retail,625
A000756,C00522,Current,2024-12-17,2024-12-17,West,37,79773.67,Premier,297
A000757,C00522,CreditCard,2024-12-17,2024-12-17,West,37,79773.67,Premier,297
A000758,C00523,Current,2023-04-21,2023-04-21,East,36,53038.61,Retail,903
A000759,C00524,CreditCard,2023-04-01,2023-04-01,East,47,63963.5,SME,923
A000760,C00525,Current,2024-04-08,2024-04-08,North,18,105175.25,Retail,550
A000761,C00525,Savings,2024-04-08,2024-04-08,North,18,105175.25,Retail,550
A000762,C00526,Savings,2024-06-13,2024-06-13,East,40,28869.26,Premier,484
A000763,C00527,Savings,2024-10-21,2024-10-21,North,27,26143.1,Retail,354
A000764,C00527,Current,2024-10-21,2024-10-21,North,27,26143.1,Retail,354
A000765,C00528,Current,2023-01-22,2023-01-22,South,40,24245.69,Premier,992
A000766,C00529,Current,2022-12-14,2022-12-14,North,41,36695.67,Retail,1031
A000767,C00529,Savings,2022-12-14,2022-12-14,North,41,36695.67,Retail,1031
A000768,C00530,Current,2022-07-09,2022-07-09,East,37,85817.96,Premier,1189
A000769,C00530,Savings,2022-07-09,2022-07-09,East,37,85817.96,Premier,1189
A000770,C00530,CreditCard,2022-07-09,2022-07-09,East,37,85817.96,Premier,1189
A000771,C00531,Savings,2023-05-20,2023-05-20,North,45,54574.61,Retail,874
A000772,C00531,Current,2023-05-20,2023-05-20,North,45,54574.61,Retail,874
A000773,C00531,CreditCard,2023-05-20,2023-05-20,North,45,54574.61,Retail,874
A000774,C00532,CreditCard,2024-04-03,2024-04-03,South,26,53510.63,Premier,555
A000775,C00532,Current,2024-04-03,2024-04-03,South,26,53510.63,Premier,555
A000776,C00533,Current,2024-07-17,2024-07-17,West,47,16875.71,SME,450
A000777,C00533,Savings,2024-07-17,2024-07-17,West,47,16875.71,SME,450
A000778,C00534,CreditCard,2024-07-22,2024-07-22,North,31,29634.14,Retail,445
A000779,C00534,Current,2024-07-22,2024-07-22,North,31,29634.14,Retail,445
A000780,C00535,Savings,2025-02-14,2025-02-14,East,23,16738.62,Retail,238
A000781,C00535,Current,2025-02-14,2025-02-14,East,23,16738.62,Retail,238
A000782,C00536,Current,2022-05-14,2022-05-14,South,35,75274.73,Premier,1245
A000783,C00537,Savings,2022-02-27,2022-02-27,North,19,92605.32,Retail,1321
A000784,C00537,Current,2022-02-27,2022-02-27,North,19,92605.32,Retail,1321
A000785,C00537,CreditCard,2022-02-27,2022-02-27,North,19,92605.32,Retail,1321
A000786,C00538,Current,2023-11-16,2023-11-16,West,40,61886.95,Premier,694
A000787,C00539,Current,2023-11-03,2023-11-03,North,35,25588.52,Retail,707
A000788,C00539,Savings,2023-11-03,2023-11-03,North,35,25588.52,Retail,707
A000789,C00540,Savings,2022-06-22,2022-06-22,South,49,87928.79,Retail,1206
A000790,C00541,Current,2024-03-25,2024-03-25,East,43,36924.67,SME,564
A000791,C00542,Current,2025-03-18,2025-03-18,East,25,22834.32,Retail,206
A000792,C00543,Current,2022-03-21,2022-03-21,East,30,25876.71,Premier,1299
A000793,C00543,Savings,2022-03-21,2022-03-21,East,30,25876.71,Premier,1299
A000794,C00543,CreditCard,2022-03-21,2022-03-21,East,30,25876.71,Premier,1299
A000795,C00544,Current,2024-06-04,2024-06-04,North,42,33799.71,Retail,493
A000796,C00545,CreditCard,2022-07-22,2022-07-22,North,45,42961.17,Retail,1176
A000797,C00545,Current,2022-07-22,2022-07-22,North,45,42961.17,Retail,1176
A000798,C00546,Current,2024-02-03,2024-02-03,East,49,38661.62,Retail,615
A000799,C00546,CreditCard,2024-02-03,2024-02-03,East,49,38661.62,Retail,615
A000800,C00547,Current,2022-02-16,2022-02-16,East,48,20679.87,Retail,1332
A000801,C00547,Savings,2022-02-16,2022-02-16,East,48,20679.87,Retail,1332
A000802,C00547,CreditCard,2022-02-16,2022-02-16,East,48,20679.87,Retail,1332
A000803,C00548,Current,2025-03-12,2025-03-12,West,37,76874.6,Retail,212
A000804,C00549,CreditCard,2023-10-18,2023-10-18,West,41,38870.37,Retail,723
A000805,C00550,Current,2023-04-16,2023-04-16,West,49,29330.37,Retail,908
A000806,C00550,CreditCard,2023-04-16,2023-04-16,West,49,29330.37,Retail,908
A000807,C00551,Current,2024-08-28,2024-08-28,South,35,73015.91,Retail,408
A000808,C00551,Savings,2024-08-28,2024-08-28,South,35,73015.91,Retail,408
A000809,C00552,Current,2024-11-01,2024-11-01,South,41,23192.61,Premier,343
A000810,C00553,Current,2024-01-06,2024-01-06,West,35,18561.26,Retail,643
A000811,C00553,Savings,2024-01-06,2024-01-06,West,35,18561.26,Retail,643
A000812,C00553,CreditCard,2024-01-06,2024-01-06,West,35,18561.26,Retail,643
A000813,C00554,Current,2024-02-23,2024-02-23,South,33,79183.26,Retail,595
A000814,C00554,CreditCard,2024-02-23,2024-02-23,South,33,79183.26,Retail,595
A000815,C00555,Current,2024-08-25,2024-08-25,North,38,107901.41,Retail,411
A000816,C00556,CreditCard,2022-12-24,2022-12-24,West,31,33263.83,Retail,1021
A000817,C00557,Savings,2024-08-29,2024-08-29,West,36,40957.83,Premier,407
A000818,C00558,Savings,2023-10-30,2023-10-30,South,28,23622.57,Retail,711
A000819,C00559,CreditCard,2023-01-08,2023-01-08,North,36,42024.92,Retail,1006
A000820,C00560,Savings,2024-10-28,2024-10-28,South,42,33037.94,Retail,347
A000821,C00561,Current,2025-02-19,2025-02-19,West,32,39823.75,Retail,233
A000822,C00561,Savings,2025-02-19,2025-02-19,West,32,39823.75,Retail,233
A000823,C00562,CreditCard,2023-11-07,2023-11-07,West,38,51426.28,Premier,703
A000824,C00563,Current,2022-03-31,2022-03-31,North,39,24202.07,Retail,1289
A000825,C00564,Current,2023-11-29,2023-11-29,North,42,34974.3,Premier,681
A000826,C00564,Savings,2023-11-29,2023-11-29,North,42,34974.3,Premier,681
A000827,C00565,CreditCard,2023-06-24,2023-06-24,West,36,17006.57,Retail,839
A000828,C00565,Current,2023-06-24,2023-06-24,West,36,17006.57,Retail,839
A000829,C00565,Savings,2023-06-24,2023-06-24,West,36,17006.57,Retail,839
A000830,C00566,Current,2024-01-02,2024-01-02,South,47,35094.25,Retail,647
A000831,C00567,Current,2024-05-18,2024-05-18,East,19,39996.66,SME,510
A000832,C00568,Current,2022-02-10,2022-02-10,West,64,46994.33,Retail,1338
A000833,C00569,Current,2024-01-10,2024-01-10,North,30,47243.57,Retail,639
A000834,C00570,Current,2023-05-17,2023-05-17,East,41,65856.24,Retail,877
A000835,C00570,Savings,2023-05-17,2023-05-17,East,41,65856.24,Retail,877
A000836,C00571,Savings,2024-08-16,2024-08-16,North,29,19408.7,Retail,420
A000837,C00572,Current,2025-03-14,2025-03-14,South,43,19933.68,Retail,210
A000838,C00573,Savings,2024-07-17,2024-07-17,West,40,54597.97,Retail,450
A000839,C00574,Current,2023-04-06,2023-04-06,South,32,15120.06,Retail,918
A000840,C00574,CreditCard,2023-04-06,2023-04-06,South,32,15120.06,Retail,918
A000841,C00575,Current,2024-01-02,2024-01-02,West,47,45931.9,Retail,647
A000842,C00575,Savings,2024-01-02,2024-01-02,West,47,45931.9,Retail,647
A000843,C00576,Current,2024-01-22,2024-01-22,East,36,23228.44,Retail,627
A000844,C00576,CreditCard,2024-01-22,2024-01-22,East,36,23228.44,Retail,627
A000845,C00577,Current,2024-07-13,2024-07-13,South,42,92013.35,Retail,454
A000846,C00578,CreditCard,2024-06-27,2024-06-27,North,29,47500.61,Retail,470
A000847,C00579,Current,2023-01-25,2023-01-25,South,37,37560.25,Retail,989
A000848,C00579,Savings,2023-01-25,2023-01-25,South,37,37560.25,Retail,989
A000849,C00580,Current,2024-06-01,2024-06-01,South,56,77430.73,SME,496
A000850,C00581,Current,2022-09-13,2022-09-13,North,46,24625.79,Retail,1123
A000851,C00582,CreditCard,2023-12-10,2023-12-10,South,40,27080.89,Premier,670
A000852,C00583,CreditCard,2023-03-26,2023-03-26,South,33,22304.66,Retail,929
A000853,C00584,Savings,2022-01-10,2022-01-10,East,38,27194.61,Retail,1369
A000854,C00585,Current,2024-04-03,2024-04-03,East,39,43210.42,Retail,555
A000855,C00586,Current,2024-03-08,2024-03-08,East,42,53650.83,Retail,581
A000856,C00587,Current,2024-05-26,2024-05-26,North,28,67777.01,Retail,502
A000857,C00587,Savings,2024-05-26,2024-05-26,North,28,67777.01,Retail,502
A000858,C00588,Current,2024-10-25,2024-10-25,North,44,16830.53,Retail,350
A000859,C00589,CreditCard,2025-02-16,2025-02-16,East,28,38459.11,Retail,236
A000860,C00590,Current,2024-10-12,2024-10-12,South,52,24082.12,SME,363
A000861,C00590,Savings,2024-10-12,2024-10-12,South,52,24082.12,SME,363
A000862,C00591,Savings,2023-01-09,2023-01-09,North,31,37821.97,Retail,1005
A000863,C00591,Current,2023-01-09,2023-01-09,North,31,37821.97,Retail,1005
A000864,C00591,CreditCard,2023-01-09,2023-01-09,North,31,37821.97,Retail,1005
A000865,C00592,Current,2024-12-24,2024-12-24,West,40,134639.59,Retail,290
A000866,C00592,Savings,2024-12-24,2024-12-24,West,40,134639.59,Retail,290
A000867,C00592,CreditCard,2024-12-24,2024-12-24,West,40,134639.59,Retail,290
A000868,C00593,Savings,2022-05-26,2022-05-26,West,47,48494.49,Premier,1233
A000869,C00593,CreditCard,2022-05-26,2022-05-26,West,47,48494.49,Premier,1233
A000870,C00594,Current,2022-08-12,2022-08-12,East,35,65709.8,Retail,1155
A000871,C00595,CreditCard,2022-06-26,2022-06-26,North,41,111705.57,Retail,1202
A000872,C00596,Savings,2024-05-02,2024-05-02,East,50,73640.59,Retail,526
A000873,C00597,Current,2022-03-04,2022-03-04,East,43,33500.61,SME,1316
A000874,C00597,Savings,2022-03-04,2022-03-04,East,43,33500.61,SME,1316
A000875,C00598,Current,2024-04-06,2024-04-06,West,41,22144.21,Premier,552
A000876,C00599,CreditCard,2024-03-05,2024-03-05,East,22,41283.41,Retail,584
A000877,C00600,Current,2023-11-20,2023-11-20,West,29,31553.35,Retail,690
A000878,C00600,CreditCard,2023-11-20,2023-11-20,West,29,31553.35,Retail,690
A000879,C00600,Savings,2023-11-20,2023-11-20,West,29,31553.35,Retail,690
A000880,C00601,Savings,2022-04-15,2022-04-15,East,47,19555.14,SME,1274
A000881,C00602,Current,2025-01-27,2025-01-27,North,43,47274.73,Retail,256
A000882,C00602,Savings,2025-01-27,2025-01-27,North,43,47274.73,Retail,256
A000883,C00603,Current,2023-05-26,2023-05-26,East,44,47868.25,Retail,868
A000884,C00604,Savings,2023-01-20,2023-01-20,East,43,101501.95,Retail,994
A000885,C00604,Current,2023-01-20,2023-01-20,East,43,101501.95,Retail,994
A000886,C00605,Current,2023-02-09,2023-02-09,East,49,34975.85,Retail,974
A000887,C00605,Savings,2023-02-09,2023-02-09,East,49,34975.85,Retail,974
A000888,C00605,CreditCard,2023-02-09,2023-02-09,East,49,34975.85,Retail,974
A000889,C00606,Current,2024-04-02,2024-04-02,North,35,48210.97,Retail,556
A000890,C00606,CreditCard,2024-04-02,2024-04-02,North,35,48210.97,Retail,556
A000891,C00606,Savings,2024-04-02,2024-04-02,North,35,48210.97,Retail,556
A000892,C00607,Current,2023-06-02,2023-06-02,North,39,30046.96,Retail,861
A000893,C00607,Savings,2023-06-02,2023-06-02,North,39,30046.96,Retail,861
A000894,C00608,Current,2023-04-21,2023-04-21,West,28,64851.45,Retail,903
A000895,C00608,CreditCard,2023-04-21,2023-04-21,West,28,64851.45,Retail,903
A000896,C00609,Current,2023-12-10,2023-12-10,East,26,39378.21,Retail,670
A000897,C00610,Current,2024-02-10,2024-02-10,West,23,23318.79,Premier,608
A000898,C00611,Current,2024-11-12,2024-11-12,East,30,41629.24,Retail,332
A000899,C00611,CreditCard,2024-11-12,2024-11-12,East,30,41629.24,Retail,332
A000900,C00612,Current,2024-09-23,2024-09-23,East,51,50946.48,Retail,382
A000901,C00613,Current,2023-11-08,2023-11-08,East,24,47615.89,Retail,702
A000902,C00614,Savings,2023-12-15,2023-12-15,West,35,70702.57,Retail,665
A000903,C00614,Current,2023-12-15,2023-12-15,West,35,70702.57,Retail,665
A000904,C00614,CreditCard,2023-12-15,2023-12-15,West,35,70702.57,Retail,665
A000905,C00615,Current,2022-03-24,2022-03-24,East,26,20318.46,Retail,1296
A000906,C00616,Savings,2025-03-14,2025-03-14,East,32,27498.39,Retail,210
A000907,C00617,Savings,2025-01-13,2025-01-13,North,39,57708.91,Premier,270
A000908,C00618,Current,2025-01-06,2025-01-06,South,31,29162.12,SME,277
A000909,C00619,Current,2023-04-02,2023-04-02,East,47,47263.83,Retail,922
A000910,C00619,CreditCard,2023-04-02,2023-04-02,East,47,47263.83,Retail,922
A000911,C00620,Current,2022-01-01,2022-01-01,South,51,12498.28,Retail,1378
A000912,C00620,CreditCard,2022-01-01,2022-01-01,South,51,12498.28,Retail,1378
A000913,C00621,Current,2022-02-20,2022-02-20,North,18,162958.94,Retail,1328
A000914,C00622,Current,2023-11-16,2023-11-16,South,31,36622.45,Premier,694
A000915,C00622,Savings,2023-11-16,2023-11-16,South,31,36622.45,Premier,694
A000916,C00623,CreditCard,2023-12-18,2023-12-18,North,38,76134.64,Premier,662
A000917,C00623,Current,2023-12-18,2023-12-18,North,38,76134.64,Premier,662
A000918,C00624,Savings,2023-03-25,2023-03-25,North,48,35413.6,Retail,930
A000919,C00625,Current,2024-05-30,2024-05-30,South,33,51566.48,Retail,498
A000920,C00626,Current,2023-05-03,2023-05-03,West,37,88364.97,Premier,891
A000921,C00627,CreditCard,2022-02-03,2022-02-03,East,27,75070.66,Retail,1345
A000922,C00628,Current,2022-04-05,2022-04-05,North,24,37837.54,Retail,1284
A000923,C00628,Savings,2022-04-05,2022-04-05,North,24,37837.54,Retail,1284
A000924,C00629,Current,2024-12-31,2024-12-31,North,51,39169.47,Retail,283
A000925,C00629,Savings,2024-12-31,2024-12-31,North,51,39169.47,Retail,283
A000926,C00630,Savings,2022-06-03,2022-06-03,East,21,69221.1,Retail,1225
A000927,C00631,Savings,2022-09-07,2022-09-07,South,58,134578.84,Premier,1129
A000928,C00632,Savings,2023-11-05,2023-11-05,West,44,46139.09,SME,705
A000929,C00633,Savings,2023-03-14,2023-03-14,East,44,111503.06,Retail,941
A000930,C00634,Current,2022-04-28,2022-04-28,West,43,37144.32,Retail,1261
A000931,C00634,CreditCard,2022-04-28,2022-04-28,West,43,37144.32,Retail,1261
A000932,C00635,Current,2024-02-10,2024-02-10,South,35,67457.66,Retail,608
A000933,C00636,Current,2022-09-25,2022-09-25,East,41,72682.54,Retail,1111
A000934,C00637,Savings,2024-12-13,2024-12-13,South,36,34142.43,Retail,301
A000935,C00637,Current,2024-12-13,2024-12-13,South,36,34142.43,Retail,301
A000936,C00638,Savings,2022-08-24,2022-08-24,West,42,28845.89,Retail,1143
A000937,C00639,Current,2023-01-24,2023-01-24,East,37,74307.33,Retail,990
A000938,C00639,CreditCard,2023-01-24,2023-01-24,East,37,74307.33,Retail,990
A000939,C00639,Savings,2023-01-24,2023-01-24,East,37,74307.33,Retail,990
A000940,C00640,Current,2024-09-16,2024-09-16,South,29,32128.19,Retail,389
A000941,C00640,Savings,2024-09-16,2024-09-16,South,29,32128.19,Retail,389
A000942,C00641,Savings,2024-02-02,2024-02-02,South,30,26798.93,Retail,616
A000943,C00641,Current,2024-02-02,2024-02-02,South,30,26798.93,Retail,616
A000944,C00642,Current,2023-02-05,2023-02-05,North,29,29771.23,Retail,978
A000945,C00643,Current,2023-09-16,2023-09-16,East,46,32062.76,Retail,755
A000946,C00644,Current,2024-02-06,2024-02-06,North,32,64317.12,Retail,612
A000947,C00644,Savings,2024-02-06,2024-02-06,North,32,64317.12,Retail,612
A000948,C00645,CreditCard,2024-07-07,2024-07-07,East,20,54219.43,SME,460
A000949,C00646,Current,2024-05-02,2024-05-02,South,41,59941.25,Retail,526
A000950,C00647,Current,2023-08-01,2023-08-01,East,51,51739.4,Retail,801
A000951,C00648,Current,2022-03-16,2022-03-16,West,44,31143.65,Premier,1304
A000952,C00649,Current,2023-03-11,2023-03-11,West,32,59386.67,SME,944
A000953,C00650,Current,2022-04-13,2022-04-13,East,23,75698.45,Retail,1276
A000954,C00651,Current,2024-02-03,2024-02-03,North,36,56135.53,Premier,615
A000955,C00651,Savings,2024-02-03,2024-02-03,North,36,56135.53,Premier,615
A000956,C00651,CreditCard,2024-02-03,2024-02-03,North,36,56135.53,Premier,615
A000957,C00652,Savings,2024-01-08,2024-01-08,North,36,52476.24,Retail,641
A000958,C00653,Current,2024-03-16,2024-03-16,East,29,28559.25,Retail,573
A000959,C00654,Current,2022-04-08,2022-04-08,South,42,46592.41,Retail,1281
A000960,C00654,Savings,2022-04-08,2022-04-08,South,42,46592.41,Retail,1281
A000961,C00655,Current,2024-03-08,2024-03-08,South,54,27809.95,Retail,581
A000962,C00655,CreditCard,2024-03-08,2024-03-08,South,54,27809.95,Retail,581
A000963,C00656,CreditCard,2024-05-08,2024-05-08,North,40,41409.59,Retail,520
A000964,C00657,Savings,2023-03-11,2023-03-11,North,39,18455.32,Retail,944
A000965,C00658,CreditCard,2023-03-23,2023-03-23,North,29,18526.98,Retail,932
A000966,C00659,Current,2022-09-06,2022-09-06,West,50,38091.47,Retail,1130
A000967,C00660,Current,2022-06-15,2022-06-15,North,37,31858.68,Retail,1213
A000968,C00661,CreditCard,2024-09-10,2024-09-10,East,32,44208.97,Retail,395
A000969,C00662,Current,2024-10-16,2024-10-16,North,38,39178.81,Retail,359
A000970,C00662,CreditCard,2024-10-16,2024-10-16,North,38,39178.81,Retail,359
A000971,C00662,Savings,2024-10-16,2024-10-16,North,38,39178.81,Retail,359
A000972,C00663,Savings,2023-06-26,2023-06-26,East,42,42546.79,Premier,837
A000973,C00663,CreditCard,2023-06-26,2023-06-26,East,42,42546.79,Premier,837
A000974,C00664,Savings,2024-01-29,2024-01-29,South,39,56816.29,Premier,620
A000975,C00665,Current,2025-02-03,2025-02-03,West,48,33245.13,Premier,249
A000976,C00666,CreditCard,2022-03-22,2022-03-22,West,41,37554.02,Retail,1298
A000977,C00667,Savings,2022-05-13,2022-05-13,South,35,86749.53,Premier,1246
A000978,C00667,Current,2022-05-13,2022-05-13,South,35,86749.53,Premier,1246
A000979,C00668,Current,2024-03-07,2024-03-07,West,41,41975.08,Retail,582
A000980,C00669,Current,2024-06-18,2024-06-18,West,42,38317.35,Retail,479
A000981,C00670,Current,2022-05-18,2022-05-18,West,26,43674.64,Retail,1241
A000982,C00670,Savings,2022-05-18,2022-05-18,West,26,43674.64,Retail,1241
A000983,C00671,Current,2022-07-03,2022-07-03,West,48,38661.62,Retail,1195
A000984,C00672,Savings,2024-02-24,2024-02-24,North,35,29392.68,Retail,594
A000985,C00672,Current,2024-02-24,2024-02-24,North,35,29392.68,Retail,594
A000986,C00672,CreditCard,2024-02-24,2024-02-24,North,35,29392.68,Retail,594
A000987,C00673,CreditCard,2024-09-10,2024-09-10,East,35,25445.2,Retail,395
A000988,C00674,Current,2022-03-10,2022-03-10,North,44,28612.22,Premier,1310
A000989,C00674,Savings,2022-03-10,2022-03-10,North,44,28612.22,Premier,1310
A000990,C00675,CreditCard,2023-06-30,2023-06-30,North,44,64843.66,Retail,833
A000991,C00675,Current,2023-06-30,2023-06-30,North,44,64843.66,Retail,833
A000992,C00676,Current,2022-02-22,2022-02-22,West,31,30587.52,Retail,1326
A000993,C00677,Current,2022-07-24,2022-07-24,South,45,38786.25,SME,1174
A000994,C00678,Savings,2022-05-06,2022-05-06,East,32,59494.16,Retail,1253
A000995,C00679,Current,2022-02-12,2022-02-12,West,54,36463.56,Retail,1336
A000996,C00679,Savings,2022-02-12,2022-02-12,West,54,36463.56,Retail,1336
A000997,C00680,Current,2022-04-21,2022-04-21,West,30,57523.53,Retail,1268
A000998,C00681,Current,2024-01-31,2024-01-31,West,40,19397.8,Retail,618
A000999,C00682,Current,2024-04-27,2024-04-27,North,30,39222.43,Retail,531
A001000,C00683,CreditCard,2022-04-05,2022-04-05,North,58,43596.75,Retail,1284
A001001,C00684,Current,2024-06-18,2024-06-18,South,26,42397.24,Retail,479
A001002,C00685,Savings,2022-12-26,2022-12-26,North,42,18340.05,Retail,1019
A001003,C00686,Savings,2024-06-18,2024-06-18,North,31,76483.59,Retail,479
A001004,C00687,Current,2022-10-08,2022-10-08,South,34,27334.82,Retail,1098
A001005,C00688,Current,2023-10-29,2023-10-29,West,42,49552.24,Retail,712
A001006,C00689,Current,2022-04-03,2022-04-03,East,49,42077.89,Premier,1286
A001007,C00690,Current,2023-11-03,2023-11-03,South,52,69225.77,Retail,707
A001008,C00691,CreditCard,2022-03-02,2022-03-02,East,24,125119.84,Retail,1318
A001009,C00692,Savings,2023-09-26,2023-09-26,North,40,21985.31,Retail,745
A001010,C00693,Current,2024-12-10,2024-12-10,North,51,30297.76,Retail,304
A001011,C00693,Savings,2024-12-10,2024-12-10,North,51,30297.76,Retail,304
A001012,C00694,Savings,2024-10-25,2024-10-25,East,22,46065.87,Retail,350
A001013,C00694,CreditCard,2024-10-25,2024-10-25,East,22,46065.87,Retail,350
A001014,C00695,Current,2023-08-27,2023-08-27,East,40,24114.83,Retail,775
A001015,C00695,CreditCard,2023-08-27,2023-08-27,East,40,24114.83,Retail,775
A001016,C00696,Current,2023-11-13,2023-11-13,East,37,61967.95,Premier,697
A001017,C00697,Current,2023-06-18,2023-06-18,North,41,63893.4,Premier,845
A001018,C00697,CreditCard,2023-06-18,2023-06-18,North,41,63893.4,Premier,845
A001019,C00698,Current,2024-04-17,2024-04-17,West,31,55437.63,Retail,541
A001020,C00698,CreditCard,2024-04-17,2024-04-17,West,31,55437.63,Retail,541
A001021,C00699,Current,2023-10-07,2023-10-07,East,25,47171.91,Premier,734
A001022,C00700,Current,2022-08-21,2022-08-21,East,20,83127.63,Retail,1146
A001023,C00701,Current,2023-06-08,2023-06-08,East,46,23516.64,Retail,855
A001024,C00702,Current,2022-12-12,2022-12-12,West,47,43300.77,Retail,1033
A001025,C00703,Savings,2024-12-05,2024-12-05,East,40,28965.84,Retail,309
A001026,C00703,Current,2024-12-05,2024-12-05,East,40,28965.84,Retail,309
A001027,C00704,Current,2023-06-30,2023-06-30,East,33,65396.68,Premier,833
A001028,C00705,Savings,2025-01-06,2025-01-06,West,23,16757.32,Retail,277
A001029,C00706,Current,2025-01-01,2025-01-01,East,43,41325.47,Retail,282
A001030,C00706,Savings,2025-01-01,2025-01-01,East,43,41325.47,Retail,282
A001031,C00707,Current,2024-03-04,2024-03-04,South,28,49558.47,SME,585
A001032,C00707,CreditCard,2024-03-04,2024-03-04,South,28,49558.47,SME,585
A001033,C00708,Current,2022-09-06,2022-09-06,East,31,26096.36,Retail,1130
A001034,C00708,CreditCard,2022-09-06,2022-09-06,East,31,26096.36,Retail,1130
A001035,C00709,Current,2022-02-16,2022-02-16,South,32,30643.6,Retail,1332
A001036,C00710,Savings,2025-02-18,2025-02-18,North,36,42233.67,Retail,234
A001037,C00711,Savings,2022-08-02,2022-08-02,East,31,67563.59,Premier,1165
A001038,C00711,CreditCard,2022-08-02,2022-08-02,East,31,67563.59,Premier,1165
A001039,C00712,CreditCard,2022-08-27,2022-08-27,West,38,25005.9,Premier,1140
A001040,C00712,Current,2022-08-27,2022-08-27,West,38,25005.9,Premier,1140
A001041,C00713,Savings,2024-12-15,2024-12-15,West,32,27283.41,Retail,299
A001042,C00714,Savings,2022-12-16,2022-12-16,South,44,73575.16,Retail,1029
A001043,C00714,Current,2022-12-16,2022-12-16,South,44,73575.16,Retail,1029
A001044,C00715,Savings,2022-04-17,2022-04-17,East,47,36563.26,Retail,1272
A001045,C00715,Current,2022-04-17,2022-04-17,East,47,36563.26,Retail,1272
A001046,C00716,Current,2024-04-10,2024-04-10,North,38,28409.7,Premier,548
A001047,C00717,Current,2022-02-17,2022-02-17,West,42,60332.26,Retail,1331
A001048,C00718,Current,2022-12-03,2022-12-03,West,57,32832.31,Retail,1042
A001049,C00719,Savings,2024-11-15,2024-11-15,East,27,70051.41,SME,329
A001050,C00719,Current,2024-11-15,2024-11-15,East,27,70051.41,SME,329
A001051,C00720,CreditCard,2024-03-14,2024-03-14,West,26,30073.44,Retail,575
A001052,C00721,CreditCard,2022-01-08,2022-01-08,East,44,38695.89,Retail,1371
A001053,C00722,Current,2023-09-17,2023-09-17,East,55,67222.43,Retail,754
A001054,C00722,CreditCard,2023-09-17,2023-09-17,East,55,67222.43,Retail,754
A001055,C00723,Current,2023-12-20,2023-12-20,North,35,37426.28,SME,660
A001056,C00724,Current,2022-10-30,2022-10-30,South,53,61164.13,Retail,1076
A001057,C00724,CreditCard,2022-10-30,2022-10-30,South,53,61164.13,Retail,1076
A001058,C00725,Current,2023-10-01,2023-10-01,East,38,40559.03,Retail,740
A001059,C00726,Savings,2022-02-25,2022-02-25,East,31,112884.83,Retail,1323
A001060,C00727,Current,2023-12-27,2023-12-27,South,29,91827.97,Retail,653
A001061,C00728,Current,2023-06-10,2023-06-10,West,43,21574.05,Retail,853
A001062,C00728,Savings,2023-06-10,2023-06-10,West,43,21574.05,Retail,853
A001063,C00729,Savings,2023-04-19,2023-04-19,North,29,54415.71,Retail,905
A001064,C00730,Current,2022-01-28,2022-01-28,East,38,27862.91,SME,1351
A001065,C00730,CreditCard,2022-01-28,2022-01-28,East,38,27862.91,SME,1351
A001066,C00731,CreditCard,2022-03-19,2022-03-19,East,52,46121.95,Retail,1301
A001067,C00732,Current,2022-12-31,2022-12-31,East,35,43367.75,Retail,1014
A001068,C00733,CreditCard,2023-10-28,2023-10-28,East,49,24725.49,Retail,713
A001069,C00734,CreditCard,2023-06-10,2023-06-10,South,27,71148.1,Retail,853
A001070,C00735,Current,2023-11-30,2023-11-30,North,33,46394.57,Premier,680
A001071,C00735,CreditCard,2023-11-30,2023-11-30,North,33,46394.57,Premier,680
A001072,C00736,Savings,2024-06-01,2024-06-01,East,25,36349.84,Retail,496
A001073,C00737,Current,2024-10-27,2024-10-27,East,38,33665.74,Retail,348
A001074,C00738,Current,2024-10-23,2024-10-23,North,45,44944.25,Retail,352
A001075,C00738,Savings,2024-10-23,2024-10-23,North,45,44944.25,Retail,352
A001076,C00739,Current,2024-07-07,2024-07-07,East,38,51392.01,Retail,460
A001077,C00740,Current,2024-01-20,2024-01-20,South,49,39371.98,Retail,629
A001078,C00740,CreditCard,2024-01-20,2024-01-20,South,49,39371.98,Retail,629
A001079,C00741,Current,2022-12-29,2022-12-29,East,31,10167.8,Retail,1016
A001080,C00742,Savings,2024-03-16,2024-03-16,West,40,42264.83,Premier,573
A001081,C00742,Current,2024-03-16,2024-03-16,West,40,42264.83,Premier,573
A001082,C00742,CreditCard,2024-03-16,2024-03-16,West,40,42264.83,Premier,573
A001083,C00743,Current,2024-01-09,2024-01-09,North,33,20383.89,SME,640
A001084,C00743,Savings,2024-01-09,2024-01-09,North,33,20383.89,SME,640
A001085,C00744,Current,2024-11-04,2024-11-04,North,41,37742.52,Retail,340
A001086,C00745,Current,2023-04-30,2023-04-30,West,42,20763.99,SME,894
A001087,C00745,Savings,2023-04-30,2023-04-30,West,42,20763.99,SME,894
A001088,C00745,CreditCard,2023-04-30,2023-04-30,West,42,20763.99,SME,894
A001089,C00746,Current,2022-01-28,2022-01-28,East,43,20640.93,Retail,1351
A001090,C00747,Savings,2023-12-15,2023-12-15,East,28,77717.37,Retail,665
A001091,C00748,Current,2024-11-28,2024-11-28,West,29,35711.14,Retail,316
A001092,C00749,Current,2022-03-27,2022-03-27,West,31,34369.87,Retail,1293
A001093,C00750,Savings,2022-05-06,2022-05-06,West,35,53345.5,Retail,1253
A001094,C00751,Savings,2024-03-22,2024-03-22,East,38,34821.63,Retail,567
A001095,C00751,Current,2024-03-22,2024-03-22,East,38,34821.63,Retail,567
A001096,C00752,Current,2023-06-21,2023-06-21,South,44,119991.54,Retail,842
A001097,C00753,Current,2022-05-25,2022-05-25,South,30,36561.7,Retail,1234
A001098,C00753,Savings,2022-05-25,2022-05-25,South,30,36561.7,Retail,1234
A001099,C00753,CreditCard,2022-05-25,2022-05-25,South,30,36561.7,Retail,1234
A001100,C00754,Current,2022-01-25,2022-01-25,North,23,50304.66,Retail,1354
A001101,C00755,CreditCard,2022-03-08,2022-03-08,East,57,68101.03,Premier,1312
A001102,C00755,Current,2022-03-08,2022-03-08,East,57,68101.03,Premier,1312
A001103,C00755,Savings,2022-03-08,2022-03-08,East,57,68101.03,Premier,1312
A001104,C00756,Current,2022-08-21,2022-08-21,South,27,93377.99,Retail,1146
A001105,C00756,Savings,2022-08-21,2022-08-21,South,27,93377.99,Retail,1146
A001106,C00757,Current,2022-04-19,2022-04-19,West,45,28919.11,Retail,1270
A001107,C00758,Current,2025-03-15,2025-03-15,East,38,34006.9,Retail,209
A001108,C00759,Current,2022-04-21,2022-04-21,East,40,79267.39,Retail,1268
A001109,C00760,Savings,2022-08-16,2022-08-16,South,37,62837.21,Premier,1151
A001110,C00760,Current,2022-08-16,2022-08-16,South,37,62837.21,Premier,1151
A001111,C00761,CreditCard,2022-04-21,2022-04-21,North,34,71744.74,Retail,1268
A001112,C00761,Current,2022-04-21,2022-04-21,North,34,71744.74,Retail,1268
A001113,C00761,Savings,2022-04-21,2022-04-21,North,34,71744.74,Retail,1268
A001114,C00762,CreditCard,2022-02-03,2022-02-03,North,42,21139.42,Retail,1345
A001115,C00762,Current,2022-02-03,2022-02-03,North,42,21139.42,Retail,1345
A001116,C00763,Current,2023-09-15,2023-09-15,South,34,90877.71,Premier,756
A001117,C00764,Current,2024-01-18,2024-01-18,North,48,28640.26,Retail,631
A001118,C00765,Current,2023-08-18,2023-08-18,East,43,46139.09,Retail,784
A001119,C00765,Savings,2023-08-18,2023-08-18,East,43,46139.09,Retail,784
A001120,C00766,Current,2023-03-01,2023-03-01,West,43,38915.54,Retail,954
A001121,C00767,Current,2023-09-05,2023-09-05,West,33,27012.35,SME,766
A001122,C00768,Savings,2023-11-23,2023-11-23,East,35,20681.43,Retail,687
A001123,C00768,CreditCard,2023-11-23,2023-11-23,East,35,20681.43,Retail,687
A001124,C00769,Current,2022-11-11,2022-11-11,North,27,17523.76,Retail,1064
A001125,C00770,Current,2024-05-26,2024-05-26,West,34,44480.03,Retail,502
A001126,C00771,Savings,2023-10-24,2023-10-24,West,28,19547.35,Retail,717
A001127,C00771,CreditCard,2023-10-24,2023-10-24,West,28,19547.35,Retail,717
A001128,C00772,CreditCard,2022-10-04,2022-10-04,North,49,23775.23,Retail,1102
A001129,C00773,CreditCard,2023-09-16,2023-09-16,East,38,37580.51,Retail,755
A001130,C00774,Current,2023-05-31,2023-05-31,South,39,11202.18,Retail,863
A001131,C00775,CreditCard,2024-04-22,2024-04-22,West,35,61868.25,SME,536
A001132,C00776,Current,2022-12-16,2022-12-16,West,39,12560.59,Premier,1029
A001133,C00777,Current,2024-04-02,2024-04-02,North,60,40319.13,Retail,556
A001134,C00777,Savings,2024-04-02,2024-04-02,North,60,40319.13,Retail,556
A001135,C00778,CreditCard,2025-03-06,2025-03-06,West,35,42225.88,Premier,218
A001136,C00779,Current,2024-01-29,2024-01-29,East,32,54847.22,Retail,620
A001137,C00779,CreditCard,2024-01-29,2024-01-29,East,32,54847.22,Retail,620
A001138,C00780,Current,2024-06-17,2024-06-17,West,42,41045.07,Retail,480
A001139,C00781,Current,2022-08-31,2022-08-31,South,18,114947.37,Retail,1136
A001140,C00782,CreditCard,2023-06-27,2023-06-27,West,38,46696.78,Premier,836
A001141,C00783,Current,2024-11-29,2024-11-29,North,34,70975.19,Premier,315
A001142,C00783,CreditCard,2024-11-29,2024-11-29,North,34,70975.19,Premier,315
A001143,C00784,CreditCard,2022-08-17,2022-08-17,South,29,29188.61,Retail,1150
A001144,C00784,Current,2022-08-17,2022-08-17,South,29,29188.61,Retail,1150
A001145,C00784,Savings,2022-08-17,2022-08-17,South,29,29188.61,Retail,1150
A001146,C00785,Current,2023-07-02,2023-07-02,North,42,44518.97,SME,831
A001147,C00786,Current,2024-07-08,2024-07-08,West,38,90859.02,Retail,459
A001148,C00787,Current,2022-01-06,2022-01-06,West,21,37212.86,Premier,1373
A001149,C00788,Savings,2023-04-13,2023-04-13,West,32,46137.53,SME,911
A001150,C00789,Current,2022-03-16,2022-03-16,West,18,68439.08,Retail,1304
A001151,C00790,CreditCard,2022-01-04,2022-01-04,North,40,28915.99,Premier,1375
A001152,C00791,Current,2023-10-08,2023-10-08,South,40,14221.21,Retail,733
A001153,C00792,Savings,2022-04-28,2022-04-28,North,30,47622.12,Retail,1261
A001154,C00793,Current,2024-05-30,2024-05-30,North,42,68707.02,Retail,498
A001155,C00793,CreditCard,2024-05-30,2024-05-30,North,42,68707.02,Retail,498
A001156,C00793,Savings,2024-05-30,2024-05-30,North,42,68707.02,Retail,498
A001157,C00794,Current,2023-05-19,2023-05-19,North,26,21323.24,Retail,875
A001158,C00794,Savings,2023-05-19,2023-05-19,North,26,21323.24,Retail,875
A001159,C00795,Savings,2024-08-04,2024-08-04,South,29,58593.75,SME,432
A001160,C00796,Current,2023-07-28,2023-07-28,South,41,58791.59,Retail,805
A001161,C00796,Savings,2023-07-28,2023-07-28,South,41,58791.59,Retail,805
A001162,C00796,CreditCard,2023-07-28,2023-07-28,South,41,58791.59,Retail,805
A001163,C00797,CreditCard,2022-07-13,2022-07-13,North,31,13446.98,Retail,1185
A001164,C00798,Savings,2024-04-26,2024-04-26,North,37,26242.8,Premier,532
A001165,C00798,Current,2024-04-26,2024-04-26,North,37,26242.8,Premier,532
A001166,C00799,Savings,2023-12-16,2023-12-16,North,32,34383.89,SME,664
A001167,C00799,CreditCard,2023-12-16,2023-12-16,North,32,34383.89,SME,664
A001168,C00799,Current,2023-12-16,2023-12-16,North,32,34383.89,SME,664
A001169,C00800,Current,2024-11-15,2024-11-15,West,34,38309.56,Retail,329
