customer_id,join_date,region,age,annual_income,segment,tenure_days
C00001,2025-01-31,North,46,34879.27,Premier,252
C00002,2024-05-10,North,31,29433.18,SME,518
C00003,2025-02-04,South,32,48751.53,Retail,248
C00004,2024-12-31,East,28,30617.11,Retail,283
C00005,2024-11-10,South,40,42239.9,Premier,334
C00006,2022-05-02,North,18,29112.27,Retail,1257
C00007,2023-04-12,West,33,19460.11,Retail,912
C00008,2022-11-27,West,35,66138.2,Retail,1048
C00009,2022-03-29,West,24,53800.38,Retail,1291
C00010,2025-01-28,West,45,131612.77,Retail,255
C00011,2024-05-21,East,27,24867.25,Retail,507
C00012,2022-05-11,West,40,37751.86,Retail,1248
C00013,2024-02-09,North,63,39301.88,Retail,609
C00014,2022-12-10,South,23,68731.95,Retail,1035
C00015,2024-03-16,North,36,32523.87,Premier,573
C00016,2023-01-21,North,34,23335.93,Retail,993
C00017,2024-08-13,North,32,76664.29,Retail,423
C00018,2022-10-04,East,44,35773.45,Premier,1102
C00019,2025-03-30,West,47,65029.04,Retail,194
C00020,2023-04-05,East,44,61351.06,Retail,919
C00021,2022-01-22,North,31,41288.08,Retail,1357
C00022,2022-09-10,West,59,38412.37,Retail,1126
C00023,2024-01-18,East,22,34458.66,Retail,631
C00024,2024-05-06,South,28,41593.41,Premier,522
C00025,2023-04-20,East,39,64525.87,Retail,904
C00026,2024-12-18,North,38,28143.32,Retail,296
C00027,2023-05-26,South,42,44254.14,Retail,868
C00028,2023-12-01,West,52,23955.94,Retail,679
C00029,2024-09-02,South,36,25495.05,Retail,403
C00030,2022-07-09,South,39,41266.27,Retail,1189
C00031,2024-08-15,West,32,15727.61,Retail,421
C00032,2023-11-18,East,43,117425.84,Retail,692
C00033,2024-08-15,North,35,23080.45,Retail,421
C00034,2023-07-17,North,35,41077.78,Retail,816
C00035,2024-04-11,North,42,75161.01,Premier,547
C00036,2025-02-28,East,47,27222.65,Retail,224
C00037,2023-10-09,South,18,13252.25,Retail,732
C00038,2022-01-21,North,41,33550.46,Retail,1358
C00039,2024-04-20,West,35,27062.2,Premier,538
C00040,2022-06-16,East,46,13428.29,Retail,1212
C00041,2023-01-23,North,35,48326.25,Retail,991
C00042,2023-08-24,East,49,46481.81,Premier,778
C00043,2022-11-12,East,31,74193.61,Premier,1063
C00044,2022-01-14,North,18,23929.45,Retail,1365
C00045,2022-08-30,South,47,18840.1,Retail,1137
C00046,2024-02-16,West,30,34198.51,Premier,602
C00047,2023-07-19,South,23,40099.48,SME,814
C00048,2024-06-16,East,38,66432.62,Premier,481
C00049,2022-04-02,South,35,84842.77,Retail,1287
C00050,2024-08-13,North,45,76919.77,Retail,423
C00051,2023-05-24,North,46,48125.29,Retail,870
C00052,2024-02-15,South,38,62506.95,Premier,603
C00053,2022-02-04,North,30,30425.5,Retail,1344
C00054,2022-07-25,North,40,45590.74,Retail,1173
C00055,2025-01-09,West,39,23100.7,Premier,274
C00056,2024-10-22,West,43,43244.69,Retail,353
C00057,2024-10-18,West,30,43808.61,Premier,357
C00058,2023-07-20,West,34,99144.99,Retail,813
C00059,2025-02-03,North,42,37376.43,Retail,249
C00060,2023-12-04,West,49,43839.77,Retail,676
C00061,2023-02-06,North,46,47181.26,Premier,977
C00062,2023-12-31,West,38,33385.33,Retail,649
C00063,2022-06-11,West,33,28057.64,Retail,1217
C00064,2022-07-21,East,41,80233.23,SME,1177
C00065,2024-09-22,West,28,25663.29,Retail,383
C00066,2022-09-27,East,30,21575.61,Retail,1109
C00067,2024-03-26,North,51,58889.73,Retail,563
C00068,2023-04-01,South,41,74771.56,Retail,923
C00069,2024-10-13,East,34,33441.42,Retail,362
C00070,2022-10-23,North,45,33700.01,Retail,1083
C00071,2023-12-21,East,49,48268.61,Retail,659
C00072,2022-12-04,West,33,29417.6,Retail,1041
C00073,2024-05-28,North,34,28350.51,Retail,500
C00074,2024-12-12,West,33,65060.2,Retail,302
C00075,2024-03-02,West,46,56774.23,Retail,587
C00076,2022-08-05,West,46,80728.61,Retail,1162
C00077,2024-02-03,West,50,22404.36,Retail,615
C00078,2022-07-07,East,47,32598.64,Retail,1191
C00079,2023-01-15,West,23,48235.9,Retail,999
C00080,2023-05-08,East,40,26383.0,Premier,886
C00081,2024-11-30,North,28,57763.44,Retail,314
C00082,2025-03-26,South,33,77310.78,SME,198
C00083,2022-01-15,East,39,31307.22,SME,1364
C00084,2022-03-06,North,45,42725.94,Retail,1314
C00085,2023-06-05,East,29,86776.01,Retail,858
C00086,2025-02-26,East,18,103044.17,Retail,226
C00087,2023-10-10,North,39,60851.01,Premier,731
C00088,2024-12-22,East,61,56386.34,Retail,292
C00089,2025-03-08,West,36,27348.84,Retail,216
C00090,2023-08-16,South,38,50155.11,Retail,786
C00091,2023-01-27,North,54,55364.42,Premier,987
C00092,2023-02-23,North,43,37725.38,Premier,960
C00093,2022-10-16,South,39,31128.07,Retail,1090
C00094,2023-01-14,West,41,22085.01,Retail,1000
C00095,2022-08-19,North,40,17578.28,Retail,1148
C00096,2024-10-14,East,27,15824.19,Retail,361
C00097,2022-02-10,North,25,55993.77,Premier,1338
C00098,2024-11-17,South,54,45121.84,Retail,327
C00099,2022-05-15,West,39,32905.53,Retail,1244
C00100,2022-07-20,East,38,35508.62,Retail,1178
C00101,2024-02-19,North,37,46561.26,Premier,599
C00102,2024-07-18,South,45,38599.31,Premier,449
C00103,2024-11-22,North,60,21440.08,Retail,322
C00104,2024-12-07,South,42,66156.89,Premier,307
C00105,2023-05-18,East,32,48793.59,Retail,876
C00106,2023-02-11,North,36,47869.81,Retail,972
C00107,2024-03-15,South,47,63708.02,Retail,574
C00108,2022-04-09,South,32,27901.86,Retail,1280
C00109,2023-11-15,West,45,76891.73,Retail,695
C00110,2023-12-27,West,18,39076.0,SME,653
C00111,2024-08-18,North,35,65354.62,Retail,418
C00112,2023-09-05,East,43,60506.73,Retail,766
C00113,2023-10-05,South,49,24931.12,Retail,736
C00114,2024-10-25,South,30,53892.29,Retail,350
C00115,2023-05-18,East,24,49335.71,SME,876
C00116,2024-02-06,West,35,42549.91,Retail,612
C00117,2023-02-02,West,27,39977.97,Retail,981
C00118,2024-05-20,East,36,40147.77,Premier,508
C00119,2024-03-05,South,37,62919.77,Retail,584
C00120,2023-01-28,West,26,55951.71,Retail,986
C00121,2022-07-26,North,45,42553.02,Retail,1172
C00122,2024-11-04,East,36,19877.6,Retail,340
C00123,2024-06-10,South,47,53664.85,SME,487
C00124,2024-05-13,East,21,60179.59,Premier,515
C00125,2024-01-13,North,28,132387.0,Retail,636
C00126,2023-07-18,North,42,71754.09,Premier,815
C00127,2024-10-17,West,30,16215.2,Retail,358
C00128,2022-04-06,North,36,43585.85,Retail,1283
C00129,2023-04-30,East,38,103670.41,Retail,894
C00130,2022-08-19,North,39,57243.13,Retail,1148
C00131,2024-01-19,North,31,49394.9,Retail,630
C00132,2023-06-25,North,39,65734.73,Retail,838
C00133,2024-11-25,North,30,30702.79,SME,319
C00134,2023-06-09,West,44,53227.11,Retail,854
C00135,2025-03-29,South,36,36976.08,Retail,195
C00136,2025-01-14,West,39,41501.5,Retail,269
C00137,2023-08-01,East,61,63418.27,Retail,801
C00138,2023-11-13,South,28,26368.98,Retail,697
C00139,2023-07-11,East,50,79798.6,Retail,822
C00140,2024-10-09,East,18,33924.34,Premier,366
C00141,2023-10-08,East,19,47743.63,Retail,733
C00142,2024-03-06,South,26,20806.05,Retail,583
C00143,2024-11-17,South,27,60065.87,Retail,327
C00144,2022-07-09,West,39,86381.88,Retail,1189
C00145,2023-09-25,West,40,32400.8,Retail,746
C00146,2023-09-20,West,35,24057.19,Premier,751
C00147,2024-08-30,South,36,48159.56,Retail,406
C00148,2023-12-11,West,42,86741.74,Retail,669
C00149,2023-10-11,South,45,20299.77,Retail,730
C00150,2022-11-14,South,26,24103.93,Retail,1061
C00151,2023-11-15,North,34,33396.24,Retail,695
C00152,2023-10-26,East,37,27808.39,Premier,715
C00153,2025-02-10,North,42,27852.01,Retail,242
C00154,2023-03-18,South,31,14708.8,Premier,937
C00155,2023-07-18,West,37,56263.27,Retail,815
C00156,2025-02-10,North,38,49644.15,Premier,242
C00157,2024-08-09,North,31,17922.55,Retail,427
C00158,2025-01-09,North,31,86844.55,Retail,274
C00159,2023-11-30,West,38,97132.3,Retail,680
C00160,2022-04-23,East,36,28791.37,SME,1266
C00161,2022-01-02,South,42,75098.7,Retail,1377
C00162,2023-10-04,West,28,31469.23,Retail,737
C00163,2022-08-08,West,34,45882.05,Retail,1159
C00164,2024-05-04,South,35,27594.97,Premier,524
C00165,2023-01-20,East,45,126805.39,Retail,994
C00166,2025-02-27,West,29,36144.21,Premier,225
C00167,2024-12-12,East,40,44645.15,Retail,302
C00168,2023-12-31,North,40,29712.03,Retail,649
C00169,2022-09-04,West,52,106290.64,Retail,1132
C00170,2024-04-15,East,28,107644.38,SME,543
C00171,2022-07-22,South,32,94725.49,Retail,1176
C00172,2022-05-03,South,29,67608.77,SME,1256
C00173,2023-02-05,North,22,30665.41,Retail,978
C00174,2024-02-06,North,53,63399.58,Retail,612
C00175,2022-10-21,East,26,41763.21,Retail,1085
C00176,2022-10-07,North,30,80780.02,Retail,1099
C00177,2024-06-02,South,49,73219.98,Premier,495
C00178,2022-07-17,East,22,30291.53,SME,1181
C00179,2024-09-08,North,44,67319.02,Premier,397
C00180,2024-01-22,West,25,58941.14,Premier,627
C00181,2022-05-24,North,49,10473.13,Retail,1235
C00182,2023-09-01,South,18,62552.13,Retail,770
C00183,2025-02-21,South,22,33771.67,SME,231
C00184,2022-07-06,North,33,26909.54,Retail,1192
C00185,2023-04-09,North,46,27492.16,Premier,915
C00186,2023-10-22,East,37,39169.47,Premier,719
C00187,2024-02-03,West,34,53280.07,Retail,615
C00188,2024-08-12,North,50,21173.7,SME,424
C00189,2023-02-07,East,57,46083.01,Retail,976
C00190,2022-05-27,East,44,55918.99,Retail,1232
C00191,2025-03-17,West,32,106317.12,Retail,207
C00192,2024-05-13,South,34,24463.78,Retail,515
C00193,2023-05-04,South,26,35187.72,Retail,890
C00194,2024-07-17,South,38,47768.55,Retail,450
C00195,2023-07-05,East,23,74383.67,Premier,828
C00196,2022-12-04,West,42,35996.22,SME,1041
C00197,2024-05-21,North,56,76313.79,Retail,507
C00198,2023-10-03,South,44,15908.31,Retail,738
C00199,2023-04-18,West,33,22395.02,SME,906
C00200,2022-05-31,West,42,49891.84,Retail,1228
C00201,2022-09-20,West,52,20700.12,Retail,1116
C00202,2022-05-24,East,52,23295.43,Retail,1235
C00203,2022-12-12,South,28,32188.94,Retail,1033
C00204,2023-09-16,East,42,61636.14,Retail,755
C00205,2024-10-13,East,36,16241.68,SME,362
C00206,2024-05-30,North,45,45634.36,Retail,498
C00207,2022-01-02,East,41,70246.13,Retail,1377
C00208,2024-06-15,East,18,38018.25,Retail,482
C00209,2022-09-11,North,34,34851.23,Retail,1125
C00210,2023-03-29,West,39,51234.67,Retail,926
C00211,2024-11-26,East,25,38071.21,Premier,318
C00212,2025-03-29,West,43,83996.88,Premier,195
C00213,2024-10-11,North,24,24041.62,Retail,364
C00214,2022-01-09,South,30,40840.99,SME,1370
C00215,2025-01-27,East,50,46449.09,Premier,256
C00216,2024-03-26,South,30,34684.54,Premier,563
C00217,2022-07-27,East,43,9973.07,Retail,1171
C00218,2025-02-28,East,22,38670.97,Retail,224
C00219,2023-02-08,North,56,65733.17,Retail,975
C00220,2022-06-01,East,35,61841.77,Retail,1227
C00221,2022-02-23,East,38,50044.51,Retail,1325
C00222,2025-02-17,South,39,24205.19,Retail,235
C00223,2023-09-20,West,43,51069.54,Premier,751
C00224,2023-08-10,West,24,31463.0,Premier,792
C00225,2022-04-14,East,37,50011.79,SME,1275
C00226,2022-09-11,East,32,44534.55,Retail,1125
C00227,2025-02-09,South,22,25720.93,Retail,243
C00228,2023-05-25,West,46,26823.86,Retail,869
C00229,2022-04-09,East,34,50050.74,Retail,1280
C00230,2022-06-02,East,40,37522.87,Retail,1226
C00231,2024-07-02,West,39,27532.66,Retail,465
C00232,2024-05-27,South,34,26420.39,Retail,501
C00233,2022-12-04,West,55,36002.45,Premier,1041
C00234,2024-04-01,North,37,91796.82,Retail,557
C00235,2025-04-01,South,23,32216.98,Premier,192
C00236,2024-08-14,South,34,41616.78,Retail,422
C00237,2022-06-10,West,42,44095.25,Retail,1218
C00238,2024-03-11,West,42,23807.94,Retail,578
C00239,2023-02-02,East,28,17358.63,Retail,981
C00240,2024-03-26,East,46,25083.79,Retail,563
C00241,2025-03-04,East,22,47421.16,Retail,220
C00242,2023-02-05,West,48,43780.57,Retail,978
C00243,2023-10-02,South,26,59544.01,Retail,739
C00244,2024-11-22,South,35,43987.76,Retail,322
C00245,2023-11-19,North,47,39675.75,SME,691
C00246,2023-04-05,West,39,30984.76,Retail,919
C00247,2024-08-12,East,45,65223.77,Premier,424
C00248,2023-04-15,South,43,26468.68,Retail,909
C00249,2024-11-11,North,49,24054.08,SME,333
C00250,2024-01-20,West,47,55647.94,Premier,629
C00251,2022-02-07,North,33,21519.53,Retail,1341
C00252,2022-08-18,East,43,140179.15,Retail,1149
C00253,2023-07-17,West,24,43620.12,Premier,816
C00254,2023-03-14,South,37,49873.15,Retail,941
C00255,2022-01-27,North,45,27975.08,Retail,1352
C00256,2022-08-14,East,39,35798.38,Retail,1153
C00257,2024-03-08,West,42,33857.35,Premier,581
C00258,2022-10-11,East,36,31964.62,Premier,1095
C00259,2024-05-28,West,48,57512.63,Retail,500
C00260,2024-08-17,North,37,33472.57,Retail,419
C00261,2023-03-29,East,33,69705.57,Retail,926
C00262,2024-10-16,East,45,158715.48,Retail,359
C00263,2024-03-26,West,25,36152.0,SME,563
C00264,2023-10-21,North,42,45226.22,Retail,720
C00265,2023-07-01,West,28,50666.07,Retail,832
C00266,2024-12-08,East,49,103676.64,Retail,306
C00267,2022-01-17,South,35,40213.2,Premier,1362
C00268,2022-06-07,North,39,27688.44,Retail,1221
C00269,2023-04-22,West,41,22250.14,Retail,902
C00270,2024-12-05,North,20,40711.69,Retail,309
C00271,2023-06-02,South,32,33492.82,Retail,861
C00272,2022-04-09,South,47,114494.05,Retail,1280
C00273,2024-11-26,West,45,101540.89,Retail,318
C00274,2022-10-07,East,40,24987.2,Retail,1099
C00275,2023-05-12,West,25,29375.54,SME,882
C00276,2022-10-29,North,43,43484.59,Premier,1077
C00277,2022-06-30,East,44,84278.85,SME,1198
C00278,2023-08-30,East,38,43121.62,Retail,772
C00279,2025-01-27,West,49,30322.69,SME,256
C00280,2023-12-01,West,31,40694.56,Retail,679
C00281,2024-09-19,North,33,30609.32,Retail,386
C00282,2025-02-13,East,18,56643.37,Retail,239
C00283,2022-07-10,North,46,29400.47,Retail,1188
C00284,2022-09-10,East,40,32469.34,Retail,1126
C00285,2024-09-07,South,22,74925.78,Retail,398
C00286,2024-07-16,South,22,28540.56,Retail,451
C00287,2025-03-30,South,30,20337.15,Retail,194
C00288,2022-05-08,East,45,43948.81,Retail,1251
C00289,2022-01-18,South,35,34997.66,Retail,1361
C00290,2023-07-20,East,30,54121.29,Retail,813
C00291,2023-07-24,South,28,49119.17,Premier,809
C00292,2023-11-17,North,28,41246.02,Premier,693
C00293,2023-09-18,West,20,40649.38,Retail,753
C00294,2024-05-03,South,27,29007.9,Retail,525
C00295,2024-08-19,South,28,43693.33,Retail,417
C00296,2022-06-04,East,44,65116.28,Premier,1224
C00297,2023-05-05,South,36,25759.88,Retail,889
C00298,2024-02-24,North,30,41797.49,Retail,594
C00299,2025-02-01,South,58,70436.19,Retail,251
C00300,2022-09-03,West,32,53959.27,Retail,1133
C00301,2024-11-28,East,48,80661.62,Retail,316
C00302,2024-01-29,East,52,31545.57,Premier,620
C00303,2023-06-22,East,23,16779.13,Retail,841
C00304,2024-07-09,North,38,46332.26,Retail,458
C00305,2023-02-12,South,33,50239.23,Premier,971
C00306,2023-06-09,East,32,83074.66,Premier,854
C00307,2024-04-07,North,42,75913.43,Retail,551
C00308,2024-06-21,South,32,54811.39,Retail,476
C00309,2022-02-05,South,33,61449.2,Retail,1343
C00310,2023-11-16,South,36,38077.45,SME,694
C00311,2022-01-20,West,34,22781.35,Retail,1359
C00312,2022-11-17,North,27,44450.43,SME,1058
C00313,2023-05-27,East,45,68498.28,Retail,867
C00314,2023-02-04,North,47,58188.72,Retail,979
C00315,2023-10-16,West,41,63588.07,Retail,725
C00316,2024-08-29,North,34,33840.21,Retail,407
C00317,2023-04-16,South,31,36698.79,Retail,908
C00318,2025-03-12,East,31,53368.87,Retail,212
C00319,2025-01-20,East,59,31889.84,Retail,263
C00320,2024-04-13,South,46,32383.67,SME,545
C00321,2023-12-28,South,30,48644.04,Retail,652
C00322,2024-05-03,South,39,61312.12,Premier,525
C00323,2022-02-20,South,34,37931.01,Retail,1328
C00324,2023-07-29,North,43,23427.84,Retail,804
C00325,2025-02-22,South,42,29009.46,Retail,230
C00326,2022-05-30,South,47,46402.36,Retail,1229
C00327,2022-11-10,South,30,46121.95,SME,1065
C00328,2023-07-24,East,38,47282.52,Retail,809
C00329,2022-11-01,West,22,54389.23,Retail,1074
C00330,2023-11-13,East,26,42031.16,Retail,697
C00331,2024-04-17,North,45,47849.56,Retail,541
C00332,2024-12-13,North,29,40976.52,Retail,301
C00333,2024-09-29,West,30,74431.96,Premier,376
C00334,2023-03-20,South,37,85772.78,Premier,935
C00335,2023-09-05,North,44,23127.18,Retail,766
C00336,2024-09-19,East,28,36888.84,Retail,386
C00337,2022-09-21,East,18,42601.31,Retail,1115
C00338,2024-12-12,East,30,36673.86,Retail,302
C00339,2024-09-30,South,48,102717.04,Retail,375
C00340,2022-01-05,North,41,46875.93,Retail,1374
C00341,2025-01-31,West,49,28017.14,Retail,252
C00342,2024-02-13,North,27,56472.02,Retail,605
C00343,2024-05-26,East,23,47991.32,Retail,502
C00344,2024-09-18,East,42,48795.15,Retail,387
C00345,2024-06-02,East,40,103488.15,Retail,495
C00346,2022-02-16,South,40,49944.81,Retail,1332
C00347,2024-05-16,South,46,36005.56,Premier,512
C00348,2024-04-02,East,41,15766.55,Retail,556
C00349,2024-07-24,West,41,38583.73,Retail,443
C00350,2023-10-18,West,44,80519.86,Retail,723
C00351,2022-09-26,North,42,40041.84,Premier,1110
C00352,2023-01-05,North,45,13674.42,Retail,1009
C00353,2023-09-28,West,47,32665.63,Retail,743
C00354,2025-02-03,East,51,68845.67,Retail,249
C00355,2023-10-19,West,32,55060.64,Premier,722
C00356,2022-04-30,North,42,27538.89,SME,1259
C00357,2024-04-10,East,34,31590.74,Retail,548
C00358,2024-12-17,East,30,34129.97,Premier,297
C00359,2024-01-11,East,31,30089.02,SME,638
C00360,2022-04-27,South,42,15190.16,SME,1262
C00361,2024-03-01,North,41,61394.68,Retail,588
C00362,2025-02-24,East,41,78575.72,Retail,228
C00363,2024-10-09,North,35,19614.33,Retail,366
C00364,2024-12-17,South,38,78058.53,Premier,297
C00365,2023-09-26,West,45,39805.05,Retail,745
C00366,2023-05-28,South,24,77331.03,Retail,866
C00367,2024-03-12,West,38,42713.48,Retail,577
C00368,2025-01-24,North,38,44849.23,Premier,259
C00369,2025-02-15,East,44,50488.48,Premier,237
C00370,2023-07-14,West,25,28233.67,Retail,819
C00371,2023-05-03,North,51,76161.12,Premier,891
C00372,2024-06-15,North,39,23923.22,Retail,482
C00373,2023-12-05,South,40,34277.96,Premier,675
C00374,2023-08-04,North,34,54470.23,Retail,798
C00375,2024-02-29,East,42,32489.6,Retail,589
C00376,2024-05-10,West,38,61823.08,SME,518
C00377,2022-09-04,South,48,83384.67,Retail,1132
C00378,2025-01-04,North,25,69532.66,Premier,279
C00379,2022-06-03,South,39,15917.66,Retail,1225
C00380,2024-09-23,East,41,44631.13,Retail,382
C00381,2025-01-14,North,36,70096.58,Retail,269
C00382,2023-11-28,East,34,21697.12,Retail,682
C00383,2024-12-28,East,34,60179.59,Retail,286
C00384,2024-12-06,East,39,58512.74,Retail,308
C00385,2024-10-05,North,21,22862.36,Retail,370
C00386,2022-04-04,East,46,63602.09,Retail,1285
C00387,2024-08-15,North,33,48031.82,SME,421
C00388,2024-10-08,North,39,58015.8,SME,367
C00389,2023-03-29,West,41,25851.79,Retail,926
C00390,2024-06-30,East,33,45176.37,Premier,467
C00391,2022-08-06,North,36,17869.59,Retail,1161
C00392,2023-04-19,North,19,13423.61,Retail,905
C00393,2023-03-08,North,44,44967.62,Premier,947
C00394,2022-12-07,South,47,72662.29,SME,1038
C00395,2023-07-05,North,22,47559.81,Retail,828
C00396,2022-12-23,North,34,40601.09,Premier,1022
C00397,2022-01-23,South,26,38158.45,Retail,1356
C00398,2023-06-06,East,36,26160.23,SME,857
C00399,2025-01-28,East,43,37508.85,Retail,255
C00400,2024-03-12,East,46,51747.19,Retail,577
C00401,2024-02-01,North,48,33714.03,Retail,617
C00402,2023-03-18,West,49,60995.88,Retail,937
C00403,2024-02-08,West,35,46224.77,Retail,610
C00404,2024-10-12,West,27,49108.27,SME,363
C00405,2023-05-31,West,36,65356.18,Retail,863
C00406,2024-11-05,West,43,32206.08,Retail,339
C00407,2024-03-02,East,26,58277.51,Retail,587
C00408,2022-12-02,North,52,34545.9,Retail,1043
C00409,2022-09-15,East,46,49664.4,Retail,1121
C00410,2023-05-12,East,36,30344.5,Retail,882
C00411,2024-06-14,East,31,26580.84,Retail,483
C00412,2022-06-09,East,31,43880.27,Retail,1219
C00413,2024-05-01,North,38,16328.92,Retail,527
C00414,2023-11-21,South,35,36139.53,Premier,689
C00415,2023-01-15,West,46,18771.56,Premier,999
C00416,2024-08-14,East,34,61876.04,Retail,422
C00417,2023-11-22,East,42,70850.56,Retail,688
C00418,2024-12-02,South,37,27208.63,Retail,312
C00419,2022-10-12,South,40,51918.55,Retail,1094
C00420,2023-02-01,West,35,65698.9,Retail,982
C00421,2022-01-12,East,44,65809.5,Retail,1367
C00422,2023-05-14,West,44,46653.17,Retail,880
C00423,2024-01-24,South,42,60502.06,Retail,625
C00424,2022-02-04,East,43,30291.53,Retail,1344
C00425,2023-12-28,North,29,43688.66,Premier,652
C00426,2024-04-28,East,40,33181.26,SME,530
C00427,2022-03-31,South,49,29039.06,Retail,1289
C00428,2024-02-15,South,42,42672.97,Retail,603
C00429,2023-08-28,East,28,49863.8,Premier,774
C00430,2024-08-27,West,37,74983.42,SME,409
C00431,2024-10-18,North,41,47851.12,Retail,357
C00432,2023-02-22,West,31,57771.23,Retail,961
C00433,2022-04-25,South,25,58099.92,Retail,1264
C00434,2023-09-09,South,35,160659.62,Retail,762
C00435,2024-04-05,North,31,16953.6,Retail,553
C00436,2025-01-03,South,37,29712.03,Retail,280
C00437,2023-02-17,East,23,87579.84,Retail,966
C00438,2023-12-30,North,43,35145.65,Retail,650
C00439,2024-10-17,South,32,65262.71,Premier,358
C00440,2024-01-31,West,46,47017.69,Retail,618
C00441,2023-11-07,North,35,120075.66,Retail,703
C00442,2023-04-02,East,37,24022.92,Retail,922
C00443,2024-07-08,South,36,77201.74,Retail,459
C00444,2022-07-11,East,31,100515.86,SME,1187
C00445,2024-01-09,South,60,25236.45,Retail,640
C00446,2025-01-27,North,33,61989.76,Retail,256
C00447,2024-09-04,North,47,25862.69,Premier,401
C00448,2024-10-05,North,28,42546.79,Retail,370
C00449,2022-04-06,North,41,36863.91,SME,1283
C00450,2023-10-25,East,42,12605.76,Retail,716
C00451,2022-02-06,West,37,51812.62,Retail,1342
C00452,2022-10-06,West,32,45023.7,Retail,1100
C00453,2022-08-05,East,35,87799.49,Retail,1162
C00454,2024-05-16,North,34,56887.95,Premier,512
C00455,2024-05-22,South,59,131757.65,Premier,506
C00456,2022-03-03,South,37,44213.64,Retail,1317
C00457,2023-08-19,North,42,39755.2,Retail,783
C00458,2023-12-30,East,54,38219.21,Premier,650
C00459,2023-02-01,East,30,33640.81,SME,982
C00460,2023-11-30,South,38,13897.18,Retail,680
C00461,2024-11-08,South,35,37540.0,Retail,336
C00462,2022-06-26,West,37,14903.53,Retail,1202
C00463,2023-01-31,West,36,52538.56,Premier,983
C00464,2023-03-21,South,31,22544.56,Retail,934
C00465,2022-03-17,West,39,26798.93,Retail,1303
C00466,2022-09-22,West,28,29989.32,Premier,1114
C00467,2023-03-31,South,46,37828.2,Retail,924
C00468,2023-12-19,South,43,42054.52,Retail,661
C00469,2024-01-05,East,33,72079.67,Retail,644
C00470,2024-04-30,West,33,31399.13,Retail,528
C00471,2022-05-24,West,40,53281.63,Retail,1235
C00472,2024-06-03,North,30,164178.7,Retail,494
C00473,2024-12-28,South,54,50613.11,Retail,286
C00474,2025-01-27,East,41,38293.98,Retail,256
C00475,2023-01-31,East,41,28387.89,Premier,983
C00476,2024-11-14,North,44,38029.15,Premier,330
C00477,2024-08-05,West,32,26907.98,Retail,431
C00478,2024-06-09,East,47,47935.24,Retail,488
C00479,2025-03-20,West,39,44137.31,Retail,204
C00480,2025-03-13,West,46,14216.53,Retail,211
C00481,2023-07-23,East,36,41523.31,Retail,810
C00482,2024-11-28,South,49,71779.01,Retail,316
C00483,2022-04-19,East,41,34327.81,Retail,1270
C00484,2024-12-01,North,57,30237.01,Retail,313
C00485,2024-07-23,East,34,21045.96,Retail,444
C00486,2023-02-02,North,39,16551.69,Retail,981
C00487,2023-09-26,East,28,63510.18,Retail,745
C00488,2025-03-02,North,33,38273.73,Retail,222
C00489,2025-04-01,North,43,61653.28,Retail,192
C00490,2024-01-03,North,48,90123.73,Premier,646
C00491,2022-08-23,North,64,66429.51,Premier,1144
C00492,2023-10-20,East,37,31955.27,Retail,721
C00493,2024-01-21,East,29,45057.97,Retail,628
C00494,2023-08-11,East,44,30819.63,Retail,791
C00495,2024-10-29,North,27,29411.37,Retail,346
C00496,2025-01-02,North,43,49745.41,Retail,281
C00497,2024-08-11,North,33,27643.26,Premier,425
C00498,2023-05-07,North,39,13886.28,Retail,887
C00499,2024-07-01,West,47,26881.5,Premier,466
C00500,2022-06-19,North,37,35947.92,Retail,1209
C00501,2024-08-03,South,46,89678.2,Retail,433
C00502,2024-03-05,North,45,32787.14,Premier,584
C00503,2023-09-26,North,21,54135.31,Retail,745
C00504,2022-01-29,East,29,38527.65,Retail,1350
C00505,2025-04-03,East,23,77379.33,Retail,190
C00506,2022-12-05,North,56,74743.52,Retail,1040
C00507,2023-05-15,North,37,75460.11,SME,879
C00508,2023-05-26,South,54,17610.99,Retail,868
C00509,2022-08-05,North,23,46474.02,SME,1162
C00510,2025-03-01,North,32,61251.36,SME,223
C00511,2024-12-29,West,45,50719.04,Premier,285
C00512,2023-03-21,East,39,57617.0,Retail,934
C00513,2024-05-25,East,42,43151.22,Retail,503
C00514,2022-06-16,South,26,28880.16,Premier,1212
C00515,2022-04-01,South,50,17939.69,Retail,1288
C00516,2023-12-15,East,44,30347.61,Retail,665
C00517,2022-02-08,East,41,159904.08,Retail,1340
C00518,2025-02-23,East,31,32874.37,Retail,229
C00519,2022-06-22,North,40,15733.84,Retail,1206
C00520,2023-10-15,East,35,60452.21,Retail,726
C00521,2024-01-24,South,23,64279.74,Retail,625
C00522,2024-12-17,West,37,79773.67,Premier,297
C00523,2023-04-21,East,36,53038.61,Retail,903
C00524,2023-04-01,East,47,63963.5,SME,923
C00525,2024-04-08,North,18,105175.25,Retail,550
C00526,2024-06-13,East,40,28869.26,Premier,484
C00527,2024-10-21,North,27,26143.1,Retail,354
C00528,2023-01-22,South,40,24245.69,Premier,992
C00529,2022-12-14,North,41,36695.67,Retail,1031
C00530,2022-07-09,East,37,85817.96,Premier,1189
C00531,2023-05-20,North,45,54574.61,Retail,874
C00532,2024-04-03,South,26,53510.63,Premier,555
C00533,2024-07-17,West,47,16875.71,SME,450
C00534,2024-07-22,North,31,29634.14,Retail,445
C00535,2025-02-14,East,23,16738.62,Retail,238
C00536,2022-05-14,South,35,75274.73,Premier,1245
C00537,2022-02-27,North,19,92605.32,Retail,1321
C00538,2023-11-16,West,40,61886.95,Premier,694
C00539,2023-11-03,North,35,25588.52,Retail,707
C00540,2022-06-22,South,49,87928.79,Retail,1206
C00541,2024-03-25,East,43,36924.67,SME,564
C00542,2025-03-18,East,25,22834.32,Retail,206
C00543,2022-03-21,East,30,25876.71,Premier,1299
C00544,2024-06-04,North,42,33799.71,Retail,493
C00545,2022-07-22,North,45,42961.17,Retail,1176
C00546,2024-02-03,East,49,38661.62,Retail,615
C00547,2022-02-16,East,48,20679.87,Retail,1332
C00548,2025-03-12,West,37,76874.6,Retail,212
C00549,2023-10-18,West,41,38870.37,Retail,723
C00550,2023-04-16,West,49,29330.37,Retail,908
C00551,2024-08-28,South,35,73015.91,Retail,408
C00552,2024-11-01,South,41,23192.61,Premier,343
C00553,2024-01-06,West,35,18561.26,Retail,643
C00554,2024-02-23,South,33,79183.26,Retail,595
C00555,2024-08-25,North,38,107901.41,Retail,411
C00556,2022-12-24,West,31,33263.83,Retail,1021
C00557,2024-08-29,West,36,40957.83,Premier,407
C00558,2023-10-30,South,28,23622.57,Retail,711
C00559,2023-01-08,North,36,42024.92,Retail,1006
C00560,2024-10-28,South,42,33037.94,Retail,347
C00561,2025-02-19,West,32,39823.75,Retail,233
C00562,2023-11-07,West,38,51426.28,Premier,703
C00563,2022-03-31,North,39,24202.07,Retail,1289
C00564,2023-11-29,North,42,34974.3,Premier,681
C00565,2023-06-24,West,36,17006.57,Retail,839
C00566,2024-01-02,South,47,35094.25,Retail,647
C00567,2024-05-18,East,19,39996.66,SME,510
C00568,2022-02-10,West,64,46994.33,Retail,1338
C00569,2024-01-10,North,30,47243.57,Retail,639
C00570,2023-05-17,East,41,65856.24,Retail,877
C00571,2024-08-16,North,29,19408.7,Retail,420
C00572,2025-03-14,South,43,19933.68,Retail,210
C00573,2024-07-17,West,40,54597.97,Retail,450
C00574,2023-04-06,South,32,15120.06,Retail,918
C00575,2024-01-02,West,47,45931.9,Retail,647
C00576,2024-01-22,East,36,23228.44,Retail,627
C00577,2024-07-13,South,42,92013.35,Retail,454
C00578,2024-06-27,North,29,47500.61,Retail,470
C00579,2023-01-25,South,37,37560.25,Retail,989
C00580,2024-06-01,South,56,77430.73,SME,496
C00581,2022-09-13,North,46,24625.79,Retail,1123
C00582,2023-12-10,South,40,27080.89,Premier,670
C00583,2023-03-26,South,33,22304.66,Retail,929
C00584,2022-01-10,East,38,27194.61,Retail,1369
C00585,2024-04-03,East,39,43210.42,Retail,555
C00586,2024-03-08,East,42,53650.83,Retail,581
C00587,2024-05-26,North,28,67777.01,Retail,502
C00588,2024-10-25,North,44,16830.53,Retail,350
C00589,2025-02-16,East,28,38459.11,Retail,236
C00590,2024-10-12,South,52,24082.12,SME,363
C00591,2023-01-09,North,31,37821.97,Retail,1005
C00592,2024-12-24,West,40,134639.59,Retail,290
C00593,2022-05-26,West,47,48494.49,Premier,1233
C00594,2022-08-12,East,35,65709.8,Retail,1155
C00595,2022-06-26,North,41,111705.57,Retail,1202
C00596,2024-05-02,East,50,73640.59,Retail,526
C00597,2022-03-04,East,43,33500.61,SME,1316
C00598,2024-04-06,West,41,22144.21,Premier,552
C00599,2024-03-05,East,22,41283.41,Retail,584
C00600,2023-11-20,West,29,31553.35,Retail,690
C00601,2022-04-15,East,47,19555.14,SME,1274
C00602,2025-01-27,North,43,47274.73,Retail,256
C00603,2023-05-26,East,44,47868.25,Retail,868
C00604,2023-01-20,East,43,101501.95,Retail,994
C00605,2023-02-09,East,49,34975.85,Retail,974
C00606,2024-04-02,North,35,48210.97,Retail,556
C00607,2023-06-02,North,39,30046.96,Retail,861
C00608,2023-04-21,West,28,64851.45,Retail,903
C00609,2023-12-10,East,26,39378.21,Retail,670
C00610,2024-02-10,West,23,23318.79,Premier,608
C00611,2024-11-12,East,30,41629.24,Retail,332
C00612,2024-09-23,East,51,50946.48,Retail,382
C00613,2023-11-08,East,24,47615.89,Retail,702
C00614,2023-12-15,West,35,70702.57,Retail,665
C00615,2022-03-24,East,26,20318.46,Retail,1296
C00616,2025-03-14,East,32,27498.39,Retail,210
C00617,2025-01-13,North,39,57708.91,Premier,270
C00618,2025-01-06,South,31,29162.12,SME,277
C00619,2023-04-02,East,47,47263.83,Retail,922
C00620,2022-01-01,South,51,12498.28,Retail,1378
C00621,2022-02-20,North,18,162958.94,Retail,1328
C00622,2023-11-16,South,31,36622.45,Premier,694
C00623,2023-12-18,North,38,76134.64,Premier,662
C00624,2023-03-25,North,48,35413.6,Retail,930
C00625,2024-05-30,South,33,51566.48,Retail,498
C00626,2023-05-03,West,37,88364.97,Premier,891
C00627,2022-02-03,East,27,75070.66,Retail,1345
C00628,2022-04-05,North,24,37837.54,Retail,1284
C00629,2024-12-31,North,51,39169.47,Retail,283
C00630,2022-06-03,East,21,69221.1,Retail,1225
C00631,2022-09-07,South,58,134578.84,Premier,1129
C00632,2023-11-05,West,44,46139.09,SME,705
C00633,2023-03-14,East,44,111503.06,Retail,941
C00634,2022-04-28,West,43,37144.32,Retail,1261
C00635,2024-02-10,South,35,67457.66,Retail,608
C00636,2022-09-25,East,41,72682.54,Retail,1111
C00637,2024-12-13,South,36,34142.43,Retail,301
C00638,2022-08-24,West,42,28845.89,Retail,1143
C00639,2023-01-24,East,37,74307.33,Retail,990
C00640,2024-09-16,South,29,32128.19,Retail,389
C00641,2024-02-02,South,30,26798.93,Retail,616
C00642,2023-02-05,North,29,29771.23,Retail,978
C00643,2023-09-16,East,46,32062.76,Retail,755
C00644,2024-02-06,North,32,64317.12,Retail,612
C00645,2024-07-07,East,20,54219.43,SME,460
C00646,2024-05-02,South,41,59941.25,Retail,526
C00647,2023-08-01,East,51,51739.4,Retail,801
C00648,2022-03-16,West,44,31143.65,Premier,1304
C00649,2023-03-11,West,32,59386.67,SME,944
C00650,2022-04-13,East,23,75698.45,Retail,1276
C00651,2024-02-03,North,36,56135.53,Premier,615
C00652,2024-01-08,North,36,52476.24,Retail,641
C00653,2024-03-16,East,29,28559.25,Retail,573
C00654,2022-04-08,South,42,46592.41,Retail,1281
C00655,2024-03-08,South,54,27809.95,Retail,581
C00656,2024-05-08,North,40,41409.59,Retail,520
C00657,2023-03-11,North,39,18455.32,Retail,944
C00658,2023-03-23,North,29,18526.98,Retail,932
C00659,2022-09-06,West,50,38091.47,Retail,1130
C00660,2022-06-15,North,37,31858.68,Retail,1213
C00661,2024-09-10,East,32,44208.97,Retail,395
C00662,2024-10-16,North,38,39178.81,Retail,359
C00663,2023-06-26,East,42,42546.79,Premier,837
C00664,2024-01-29,South,39,56816.29,Premier,620
C00665,2025-02-03,West,48,33245.13,Premier,249
C00666,2022-03-22,West,41,37554.02,Retail,1298
C00667,2022-05-13,South,35,86749.53,Premier,1246
C00668,2024-03-07,West,41,41975.08,Retail,582
C00669,2024-06-18,West,42,38317.35,Retail,479
C00670,2022-05-18,West,26,43674.64,Retail,1241
C00671,2022-07-03,West,48,38661.62,Retail,1195
C00672,2024-02-24,North,35,29392.68,Retail,594
C00673,2024-09-10,East,35,25445.2,Retail,395
C00674,2022-03-10,North,44,28612.22,Premier,1310
C00675,2023-06-30,North,44,64843.66,Retail,833
C00676,2022-02-22,West,31,30587.52,Retail,1326
C00677,2022-07-24,South,45,38786.25,SME,1174
C00678,2022-05-06,East,32,59494.16,Retail,1253
C00679,2022-02-12,West,54,36463.56,Retail,1336
C00680,2022-04-21,West,30,57523.53,Retail,1268
C00681,2024-01-31,West,40,19397.8,Retail,618
C00682,2024-04-27,North,30,39222.43,Retail,531
C00683,2022-04-05,North,58,43596.75,Retail,1284
C00684,2024-06-18,South,26,42397.24,Retail,479
C00685,2022-12-26,North,42,18340.05,Retail,1019
C00686,2024-06-18,North,31,76483.59,Retail,479
C00687,2022-10-08,South,34,27334.82,Retail,1098
C00688,2023-10-29,West,42,49552.24,Retail,712
C00689,2022-04-03,East,49,42077.89,Premier,1286
C00690,2023-11-03,South,52,69225.77,Retail,707
C00691,2022-03-02,East,24,125119.84,Retail,1318
C00692,2023-09-26,North,40,21985.31,Retail,745
C00693,2024-12-10,North,51,30297.76,Retail,304
C00694,2024-10-25,East,22,46065.87,Retail,350
C00695,2023-08-27,East,40,24114.83,Retail,775
C00696,2023-11-13,East,37,61967.95,Premier,697
C00697,2023-06-18,North,41,63893.4,Premier,845
C00698,2024-04-17,West,31,55437.63,Retail,541
C00699,2023-10-07,East,25,47171.91,Premier,734
C00700,2022-08-21,East,20,83127.63,Retail,1146
C00701,2023-06-08,East,46,23516.64,Retail,855
C00702,2022-12-12,West,47,43300.77,Retail,1033
C00703,2024-12-05,East,40,28965.84,Retail,309
C00704,2023-06-30,East,33,65396.68,Premier,833
C00705,2025-01-06,West,23,16757.32,Retail,277
C00706,2025-01-01,East,43,41325.47,Retail,282
C00707,2024-03-04,South,28,49558.47,SME,585
C00708,2022-09-06,East,31,26096.36,Retail,1130
C00709,2022-02-16,South,32,30643.6,Retail,1332
C00710,2025-02-18,North,36,42233.67,Retail,234
C00711,2022-08-02,East,31,67563.59,Premier,1165
C00712,2022-08-27,West,38,25005.9,Premier,1140
C00713,2024-12-15,West,32,27283.41,Retail,299
C00714,2022-12-16,South,44,73575.16,Retail,1029
C00715,2022-04-17,East,47,36563.26,Retail,1272
C00716,2024-04-10,North,38,28409.7,Premier,548
C00717,2022-02-17,West,42,60332.26,Retail,1331
C00718,2022-12-03,West,57,32832.31,Retail,1042
C00719,2024-11-15,East,27,70051.41,SME,329
C00720,2024-03-14,West,26,30073.44,Retail,575
C00721,2022-01-08,East,44,38695.89,Retail,1371
C00722,2023-09-17,East,55,67222.43,Retail,754
C00723,2023-12-20,North,35,37426.28,SME,660
C00724,2022-10-30,South,53,61164.13,Retail,1076
C00725,2023-10-01,East,38,40559.03,Retail,740
C00726,2022-02-25,East,31,112884.83,Retail,1323
C00727,2023-12-27,South,29,91827.97,Retail,653
C00728,2023-06-10,West,43,21574.05,Retail,853
C00729,2023-04-19,North,29,54415.71,Retail,905
C00730,2022-01-28,East,38,27862.91,SME,1351
C00731,2022-03-19,East,52,46121.95,Retail,1301
C00732,2022-12-31,East,35,43367.75,Retail,1014
C00733,2023-10-28,East,49,24725.49,Retail,713
C00734,2023-06-10,South,27,71148.1,Retail,853
C00735,2023-11-30,North,33,46394.57,Premier,680
C00736,2024-06-01,East,25,36349.84,Retail,496
C00737,2024-10-27,East,38,33665.74,Retail,348
C00738,2024-10-23,North,45,44944.25,Retail,352
C00739,2024-07-07,East,38,51392.01,Retail,460
C00740,2024-01-20,South,49,39371.98,Retail,629
C00741,2022-12-29,East,31,10167.8,Retail,1016
C00742,2024-03-16,West,40,42264.83,Premier,573
C00743,2024-01-09,North,33,20383.89,SME,640
C00744,2024-11-04,North,41,37742.52,Retail,340
C00745,2023-04-30,West,42,20763.99,SME,894
C00746,2022-01-28,East,43,20640.93,Retail,1351
C00747,2023-12-15,East,28,77717.37,Retail,665
C00748,2024-11-28,West,29,35711.14,Retail,316
C00749,2022-03-27,West,31,34369.87,Retail,1293
C00750,2022-05-06,West,35,53345.5,Retail,1253
C00751,2024-03-22,East,38,34821.63,Retail,567
C00752,2023-06-21,South,44,119991.54,Retail,842
C00753,2022-05-25,South,30,36561.7,Retail,1234
C00754,2022-01-25,North,23,50304.66,Retail,1354
C00755,2022-03-08,East,57,68101.03,Premier,1312
C00756,2022-08-21,South,27,93377.99,Retail,1146
C00757,2022-04-19,West,45,28919.11,Retail,1270
C00758,2025-03-15,East,38,34006.9,Retail,209
C00759,2022-04-21,East,40,79267.39,Retail,1268
C00760,2022-08-16,South,37,62837.21,Premier,1151
C00761,2022-04-21,North,34,71744.74,Retail,1268
C00762,2022-02-03,North,42,21139.42,Retail,1345
C00763,2023-09-15,South,34,90877.71,Premier,756
C00764,2024-01-18,North,48,28640.26,Retail,631
C00765,2023-08-18,East,43,46139.09,Retail,784
C00766,2023-03-01,West,43,38915.54,Retail,954
C00767,2023-09-05,West,33,27012.35,SME,766
C00768,2023-11-23,East,35,20681.43,Retail,687
C00769,2022-11-11,North,27,17523.76,Retail,1064
C00770,2024-05-26,West,34,44480.03,Retail,502
C00771,2023-10-24,West,28,19547.35,Retail,717
C00772,2022-10-04,North,49,23775.23,Retail,1102
C00773,2023-09-16,East,38,37580.51,Retail,755
C00774,2023-05-31,South,39,11202.18,Retail,863
C00775,2024-04-22,West,35,61868.25,SME,536
C00776,2022-12-16,West,39,12560.59,Premier,1029
C00777,2024-04-02,North,60,40319.13,Retail,556
C00778,2025-03-06,West,35,42225.88,Premier,218
C00779,2024-01-29,East,32,54847.22,Retail,620
C00780,2024-06-17,West,42,41045.07,Retail,480
C00781,2022-08-31,South,18,114947.37,Retail,1136
C00782,2023-06-27,West,38,46696.78,Premier,836
C00783,2024-11-29,North,34,70975.19,Premier,315
C00784,2022-08-17,South,29,29188.61,Retail,1150
C00785,2023-07-02,North,42,44518.97,SME,831
C00786,2024-07-08,West,38,90859.02,Retail,459
C00787,2022-01-06,West,21,37212.86,Premier,1373
C00788,2023-04-13,West,32,46137.53,SME,911
C00789,2022-03-16,West,18,68439.08,Retail,1304
C00790,2022-01-04,North,40,28915.99,Premier,1375
C00791,2023-10-08,South,40,14221.21,Retail,733
C00792,2022-04-28,North,30,47622.12,Retail,1261
C00793,2024-05-30,North,42,68707.02,Retail,498
C00794,2023-05-19,North,26,21323.24,Retail,875
C00795,2024-08-04,South,29,58593.75,SME,432
C00796,2023-07-28,South,41,58791.59,Retail,805
C00797,2022-07-13,North,31,13446.98,Retail,1185
C00798,2024-04-26,North,37,26242.8,Premier,532
C00799,2023-12-16,North,32,34383.89,SME,664
C00800,2024-11-15,West,34,38309.56,Retail,329
